id,level,area,tags,question,option_a,option_b,option_c,option_d,option_e,correct_option,explanation_correct,source_url,review_note,mcq_only
OA-001,Beginner,Open Access,open-access-models,"In open access publishing, what is 'gold' open access?",Depositing an accepted manuscript in an institutional repository to make it freely readable,A ranking tier awarded to journals based on their overall prestige and cost,Paying a fee directly to the publisher in order to read a single article,Publishing in an open access journal where the version of record is immediately free to read,Access that is restricted only to readers holding a special gold-tier subscription,d,"Gold open access means the final version of record is made openly available directly by the journal, often (though not always) funded by an article processing charge.",https://legacy.earlham.edu/~peters/fos/overview.htm,checked,
OA-002,Beginner,Open Access,open-access-models; repositories,What is 'green' open access?,Paying an article processing charge directly to the publishing journal,A specific type of Creative Commons license applied only to green content,Access to the article that automatically expires after exactly one year,Self-archiving a copy of the article in a repository,Publishing exclusively in journals that focus on environmental themes,d,"Green open access refers to self-archiving a version of a work (often the author accepted manuscript) in an institutional or subject repository, providing free access without necessarily paying a fee.",https://legacy.earlham.edu/~peters/fos/overview.htm,checked,
OA-003,Beginner,Open Access,open-access-models,"The 2002 statement widely credited with an early, influential definition of 'open access' is the:",Budapest Open Access Initiative,Plan S,Leiden Manifesto,San Francisco Declaration on Research Assessment,Barcelona Declaration,a,The Budapest Open Access Initiative (February 2002) gave one of the first and most influential definitions of open access and named two strategies: self-archiving and open access journals.,https://www.budapestopenaccessinitiative.org/read/,checked,
OA-004,Intermediate,Open Access,repositories,What is the difference between an 'author accepted manuscript' (AAM) and the 'version of record' (VoR)?,"The version of record is always, by definition, simply an early preprint of the work",The AAM is peer-reviewed but not publisher-formatted; the VoR is the final formatted version,They are functionally identical versions with no meaningful difference between them,The AAM is the very first draft written before any peer review; the VoR is that same AAM,"The AAM designation applies only to datasets, never to journal articles themselves",b,"NISO's Journal Article Versions standard defines the AAM (Accepted Manuscript) as the version that has passed peer review and been accepted, but before the publisher's copyediting, typesetting, and formatting. The VoR (Version of Record) is the final, formatted, publisher-issued version. Green OA policies often permit sharing the AAM, since it captures the peer-reviewed content without reproducing the publisher's formatted layout.",https://www.niso.org/publications/niso-rp-8-2008-jav,checked,
OA-005,Intermediate,Open Access,open-access-models; publishing-economics,Diamond' (or 'platinum') open access is best described as:,Access to journal content that is limited only to readers holding premium subscriptions,"Journals that are free to read and free to publish in, with no author-facing charges",Open access journals that charge unusually high article processing charges to authors,The practice of self-archiving a manuscript in green open access after an embargo period,A hybrid journal model that mixes subscription access with paid open access options,b,"Diamond (platinum) open access journals levy no charges on either readers or authors, and are typically run by universities, societies, or scholar-led groups with in-kind or grant support.",https://www.coalition-s.org/diamond-open-access/,checked,
OA-006,Intermediate,Open Access,open-access-models; publishing-economics,"In a 'hybrid' open access journal, what does the model involve?",A subscription journal offering paid open access to individual articles,A repository that combines elements of both the green and gold OA routes,A journal that mixes together preprints and raw research datasets,A journal that alternates between fully open and fully closed issues,A journal that is entirely open access and charges no fees at all,a,"A hybrid journal is fundamentally a subscription journal, its main revenue still comes from reader/institutional subscriptions, but it also lets authors pay a surcharge (similar to a gold OA APC, often around $3,000) to make their individual article freely available immediately, while the rest of the journal stays behind the paywall. Because of this cost, uptake has historically been low, on average, only a couple of percent of eligible articles in a given hybrid journal actually go OA this way.",https://peerj.com/articles/3878/,checked,
OA-007,Expert,Open Access,open-access-models,Bronze' open access is distinguished from gold and green primarily because:,It is published in a journal formally indexed in the Directory of Open Access Journals (DOAJ),The article is free to read on the publisher's site but has no clear license information,It always requires the manuscript to be deposited in an institutional repository,It requires authors to pay the article processing charge (APC),It is a designation that applies only to monographs and other long-form books,b,"Bronze OA describes articles free to read on the publisher's website but carrying no explicit open license, meaning reuse rights are undefined and the free access can be removed at the publisher's discretion.",https://peerj.com/articles/4375/,checked,
OA-008,Expert,Open Access,rights-retention; policy-compliance,What problem does cOAlition S's Rights Retention Strategy aim to solve?,The problem of the same study being published more than once in duplicate,The problem of peer review taking an unusually long time to complete,The high cost that article processing charges impose on authors and their funders,Publisher embargoes that would otherwise block immediate green open access,The lack of persistent identifiers such as DOIs for published journal articles,d,"The Rights Retention Strategy has funders require grantees to attach a CC BY license (via a prior obligation) to their author accepted manuscripts, so authors can make them openly available immediately regardless of publisher embargo terms.",https://www.coalition-s.org/rights-retention-strategy/,checked,
OA-009,Expert,Open Access,policy-compliance; publishing-economics,Why did cOAlition S announce it would stop financially supporting 'transformative arrangements' (transformative agreements and transformative journals)?,"Because continuing to fund them indefinitely risked entrenching hybrid open access permanently, rather than completing the transition to full open access",Because independent audits found that none of the transformative agreements had increased the share of open-access content,Because publishers had stopped renewing transformative agreements with libraries and consortia,Because the European Commission mandated cOAlition S to redirect its funding toward a different initiative,Because transformative arrangements were found to violate the Rights Retention Strategy,a,"cOAlition S was explicit that transformative arrangements were always meant to be temporary, transitional tools. Continuing to fund them past their original timeframe risked letting hybrid open access become a permanent fixture rather than a bridge to full and immediate OA, which cOAlition S has consistently opposed. Instead, funders redirected support toward more innovative, community-led open access initiatives aimed at completing the transition faster.",https://www.coalition-s.org/coalition-s-confirms-the-end-of-its-financial-support-for-open-access-publishing-under-transformative-arrangements-after-2024/,checked,
OA-010,Beginner,Open Access,licensing,What does a Creative Commons 'CC BY' license require of someone reusing the work?,They must pay a licensing fee before being permitted to reuse the work,They may not use the reused work for any commercial purpose,They must give appropriate credit (attribution) to the creator,They may not make any changes or create adaptations of the work,They must share the reused work only with enrolled students,c,"CC BY (Attribution) is the most permissive Creative Commons license: reusers may copy, adapt, and redistribute the work, including commercially, provided they give appropriate credit to the creator.",https://creativecommons.org/licenses/by/4.0/,checked,
OA-011,Beginner,Open Access,repositories,What is the Directory of Open Access Journals (DOAJ)?,A commercial publisher that sells access to its journal titles,A ranking system that orders journals by their impact factor score,A citation manager used to organize and format bibliographic references,A database that indexes preprints rather than published journal articles,A curated index of vetted open access journals meeting quality criteria,e,"DOAJ is an independent, community-curated directory that indexes open access journals meeting defined criteria for quality and transparency, helping authors and readers find trustworthy OA journals.",https://doaj.org/about/,checked,
OA-012,Beginner,Open Access,licensing,What does the 'NC' element in a license like CC BY-NC mean?,It means no credit or attribution is required at all,The work may not be used for commercial purposes,It means no changes or adaptations may ever be made,It means no copies of the work may ever be made,It means the license is simply not intended for children,b,NC' stands for NonCommercial: reusers may use and adapt the work but not for primarily commercial purposes; this is more restrictive than CC BY and is not considered fully 'open' by some open-access definitions.,https://creativecommons.org/licenses/by-nc/4.0/,checked,
OA-013,Beginner,Open Access,licensing,What does the 'ND' element in a CC BY-ND license restrict?,It restricts whether the work may be shared with others at all,It restricts whether the work may be read by the public,It restricts whether the original author must be given credit,Making and distributing adapted or modified versions (no derivatives),It restricts where geographically the work may legally be used,d,ND' means NoDerivatives: reusers may copy and share the unchanged work (with attribution) but may not distribute modified or adapted versions; this limits some reuses like translations or remixes.,https://creativecommons.org/licenses/by-nd/4.0/,checked,
OA-014,Beginner,Open Access,repositories,An institutional repository is best described as:,A commercial database that is sold to libraries by a for-profit publishing company,A citation index used primarily to track how often published articles are referenced,A subscription journal that happens to be formally owned and operated by a university,A government agency responsible for distributing competitive research funding grants,An archive run by a university to preserve and share its research outputs,e,"An institutional repository is a service run by an institution to store and openly disseminate the scholarly outputs of its community (articles, theses, reports, data), often supporting green open access self-archiving.",https://coartraining.gitbook.io/coar-repository-toolkit/introduction/role-of-repositories,checked,
OA-015,Beginner,Open Access,repositories,What is an 'embargo period' in the context of green open access?,An outright ban preventing the article from ever being formally published,A fee that readers must pay in order to gain early access to an article,A publisher-set delay before a self-archived version can be made open,The total length of time that formal peer review typically takes to complete,A period during which the publisher's entire journal website is offline,c,"An embargo is a publisher-imposed delay (e.g., 6, 12, or 24 months) after publication before an author may make a repository copy openly available; funders increasingly reject embargoes in favor of immediate access.",https://openpolicyfinder.jisc.ac.uk/help/glossary,checked,
OA-016,Beginner,Open Access,licensing,What does CC0 (CC Zero) do?,Adds the strictest and most restrictive set of licensing conditions possible,Applies exclusively to software and cannot be used for other kinds of works,Requires attribution and forbids the work from being used commercially,"Waives copyright, placing the work effectively in the public domain","Reserves all rights, meaning no reuse of the work is permitted at all",d,"CC0 is a public-domain dedication by which a creator waives their copyright and related rights as far as legally possible, letting anyone use the work for any purpose without conditions; it is commonly recommended for data.",https://creativecommons.org/publicdomain/zero/1.0/,checked,
OA-017,Beginner,Open Access,publishing-economics,Which statement about article processing charges (APCs) is accurate?,Every single open access journal in existence charges an article processing charge,APCs are functionally the same thing as the subscription fees libraries pay,"Fees some OA journals charge authors, though many OA journals charge none",Article processing charges are illegal under most national copyright laws,APCs are fees that are paid directly by individual readers of the article,c,"An APC is a publication fee levied on the author side in some OA models to fund making the article open; however, a large share of OA journals - including diamond/platinum journals - charge no APC at all.",https://doi.org/10.3390/publications3010001,checked,
OA-018,Beginner,Open Access,open-access-models; licensing,What is the difference between 'gratis' and 'libre' open access?,The two terms are identical and describe exactly the same licensing arrangement,Gratis open access means the article is paid for; libre means it is free,Gratis OA means free to read; libre OA also grants reuse rights via a license,"The libre designation applies only to open access books, not to articles",Gratis open access always requires the author to pay a processing charge,c,"Gratis OA removes the price barrier (free to read) but not permission barriers; libre OA removes both, adding an open license that grants reuse rights (e.g., CC BY). Bronze OA is typically gratis-only.",https://sparcopen.org/our-work/gratis-and-libre-open-access/,checked,
OA-019,Beginner,Open Access,open-access-models,The 2003 Berlin Declaration is significant in open access history because it was:,The creator and launcher of the very first preprint server for scientific papers,"An early statement promoting open access, with signatories committing to it",A formal ban on the continued operation of subscription-based journals,The founding statement that established Creative Commons licensing,The declaration that first established the Journal Impact Factor,b,"The Berlin Declaration on Open Access to Knowledge in the Sciences and Humanities (2003) is one of the foundational OA statements (alongside Budapest and Bethesda), with many institutions signing to commit to advancing open access.",https://openaccess.mpg.de/Berlin-Declaration,checked,
OA-020,Beginner,Open Access,open-access-models,Which best describes 'open access' at its core?,Free membership in a scholarly society that grants access to its journals,"Online, free-of-charge access to scholarly literature, often with rights to reuse it",Access that is restricted only to a particular journal's paying subscribers,Access to scholarly literature that is limited to a single country,A discount applied to the article processing charges authors must pay,b,"Open access refers to scholarly outputs being available online free of charge to readers, and in its fuller ('libre') sense with an open license granting reuse rights, removing price and often permission barriers.",https://www.budapestopenaccessinitiative.org/read/,checked,
OA-021,Beginner,Open Access,repositories,What does DOAB (the Directory of Open Access Books) do?,Indexes peer-reviewed open access books and chapters to make them discoverable,Assigns ISBNs to newly published open access monographs and chapters,Sells discounted e-book versions of open access academic books,Publishes an annual ranking of academic book publishers,Provides paid review services for authors of academic books,a,"DOAB is a discovery service that indexes quality-assured, peer-reviewed open access academic books and chapters from many publishers, helping readers and libraries find open monographs.",https://www.doabooks.org/en/doab/about-doab,checked,
OA-022,Beginner,Open Access,licensing; policy-compliance,Why is CC BY often the license required or preferred by open access funders?,Because it explicitly prevents the work from being used for any commercial purpose,Because it entirely forbids anyone from reusing the licensed work,Because it happens to be the only completely free Creative Commons license,Because it maximizes reuse while still ensuring the author is credited,Because it deliberately hides the identity of the work's original author,d,"Funders such as those in cOAlition S require CC BY because it permits the widest reuse - copying, adapting, mining, redistributing, even commercially - while guaranteeing attribution, aligning with open-access goals.",https://www.coalition-s.org/plan_s_principles/,checked,
OA-023,Beginner,Open Access,open-access-models; repositories,Can a researcher who publishes in a subscription (paywalled) journal still provide green open access to the article?,"No, green open access only ever works for articles published in fully open access journals","Yes, but only after the author pays an additional, separate article processing charge","No, subscription journals never permit any form of open access whatsoever","Yes, by self-archiving a permitted version under the publisher's policy","No, unless the article happens to be more than ten years old already",d,"Green open access is independent of the journal's own model: an author in a subscription journal can deposit a permitted version (commonly the author accepted manuscript) in a repository, according to the publisher's self-archiving policy or a funder rights-retention agreement, making it freely accessible at no APC.",https://open-access.network/en/information/open-access-primers/green-and-gold#c8383,checked,
OA-024,Intermediate,Open Access,licensing,How does the CC BY-SA (ShareAlike) license differ from CC BY?,BY-SA requires derivatives to be shared under a compatible license,BY-SA removes the requirement that the original author be given credit,BY-SA forbids the creation of any derivatives or adaptations at all,BY-SA applies only to photographs and other visual images,BY-SA forbids the licensed work from being used commercially,a,"CC BY-SA requires attribution and additionally that any adapted/derivative works be licensed under the same or a compatible ShareAlike license, keeping downstream versions equally open - a copyleft mechanism used by, e.g., Wikipedia.",https://creativecommons.org/licenses/by-sa/4.0/,checked,
OA-025,Intermediate,Open Access,publishing-economics,"What is a 'transformative agreement' (e.g., read-and-publish or publish-and-read)?",A formal corporate merger between two previously separate academic publishing companies that share resources,A license under which the author transfers full and permanent copyright ownership of the article to their funder,A blanket policy adopted by funders that bans institutions from subscribing to any hybrid journals at all,A contract bundling subscription access with open access publishing for an institution,A structural reform initiative aimed specifically at changing how the peer-review process is conducted,d,"Transformative agreements bundle reading access and open-access publishing into one deal, repurposing library subscription spend to cover OA publishing of the institution's articles, with the stated aim of transitioning journals to full open access.",https://esac-initiative.org/about/transformative-agreements/,checked,
OA-026,Intermediate,Open Access,open-access-models; publishing-economics,What is 'Subscribe to Open' (S2O)?,"If enough subscribers renew, that year's content opens with no author APCs",A model where libraries subscribe specifically to keep a journal's content permanently closed,A discount program that reduces the fees individual authors have to pay,A particular type of green open access achieved through self-archiving,A subscription that grants early access to preprints before formal publication,a,"Under Subscribe to Open, a journal converts to open access year by year if its usual subscribers continue paying; when the threshold is met, that year's content is made openly available and no author-facing APCs are charged.",https://subscribetoopencommunity.org/,checked,
OA-027,Intermediate,Open Access,licensing,Why is CC BY-NC-ND sometimes criticized when applied to scholarly articles despite being 'open to read'?,It costs authors noticeably more in fees to publish than a plain CC BY license would ever require,Its NonCommercial and NoDerivatives terms block many legitimate reuses,It effectively and permanently bans anyone at all from reading the article once it is published,It removes the requirement that the original author be formally credited when the work is reused,"It is not actually recognized by Creative Commons as a real, legally valid license option",b,"CC BY-NC-ND lets people read the article for free, but its NC (NonCommercial) and ND (NoDerivatives) terms block reuses like translation, adapting figures for teaching, or text-and-data mining by companies. Because of this, CC's own guidance notes that under some open access definitions, ND and NC-ND licenses don't count as ""open access"" at all, only under broader definitions do they qualify as a lesser, more restrictive form of openness. This is why funders like cOAlition S recommend CC BY specifically: it's the license that fully satisfies ""any lawful purpose"" reuse.",https://creativecommons.org/course/cc-cert-edu/unit-5-cc-for-academic-librarians/5-1-open-access-to-scholarship/,checked,
OA-028,Intermediate,Open Access,open-access-models; publishing-economics; equity-inclusion,"Latin America's scholarly publishing ecosystem (SciELO, Redalyc, AmeliCA) is notable for predominantly using which OA model?",Hybrid open access publishing that charges unusually high processing fees,"Bronze open access, where articles are free to read but carry no license","Green self-archiving only, with no formally open access journals involved","Diamond OA, funded by public institutions rather than authors","Subscription-only access, with no open access options offered at all",d,"SciELO, Redalyc, and AmeliCA anchor a long-standing regional infrastructure where academic institutions, not authors or commercial publishers, own and sustain scholarly journals, with no reading or publishing fees. cOAlition S itself points to this ecosystem as a model for diamond OA globally, and separately, Redalyc alone indexes some 1,300 journals from 620 institutions across 22 countries, evidence of how deeply diamond OA is embedded in the region, in contrast to the APC-driven gold OA more common in North America and Western Europe.",https://www.coalition-s.org/blog/towards-a-federated-global-community-of-diamond-open-access/,checked,
OA-029,Intermediate,Open Access,policy-compliance; repositories,"What did Jisc's 'Open Policy Finder' replace, and what does it help users check?","It replaced Zenodo, and it primarily helps researchers store their datasets",It replaced Sherpa (Romeo/Juliet/Fact); it helps check OA and self-archiving policies,"It replaced ORCID, and it primarily helps institutions verify author identities","It replaced Crossref, and it primarily helps publishers register new DOIs","It replaced DOAJ, and it primarily helps readers check journal impact factors",b,"Open Policy Finder, launched by Jisc in November 2024, consolidated the Sherpa Romeo (publisher OA/archiving policies), Sherpa Juliet (funder policies), and Sherpa Fact services into one platform for checking OA and self-archiving permissions.",https://www.jisc.ac.uk/news/all/sherpa-services-combined-into-new-user-friendly-platform-open-policy-finder,checked,
OA-030,Intermediate,Open Access,open-access-models; publishing-economics,What is the difference between a 'fully OA' (pure gold) journal and a 'hybrid' journal?,There is no meaningful difference between the two types of journal at all,A fully OA journal opens all articles; a hybrid journal only opens paid ones,Hybrid journals never charge any kind of fee to authors or readers,"Fully open access journals are always, by definition, diamond open access",Hybrid journals publish a mix of research article and research datasets,b,"In a fully/pure gold OA journal, every article is open to read. A hybrid journal is fundamentally different: it's still a subscription journal, most of its content stays behind a paywall, but individual authors can pay a surcharge (similar to a gold OA APC) to make just their own article open. This means a library can end up paying twice for the same journal, once for the subscription, and again through APCs its researchers pay to open individual articles, a practice known as ""double dipping"" and a key reason Plan S doesn't support the hybrid model.",https://www.ncbi.nlm.nih.gov/pmc/articles/PMC5624290/,checked,
OA-031,Intermediate,Open Access,publishing-economics; equity-inclusion,Which of the following best describes the equity concern raised by the APC-based (gold) open access model?,Author-side charges can exclude researchers without funding or not from prestigious institutions,APCs shift the equity burden away from authors and onto institutional libraries,"APCs are a cost barrier that affects only the readers of an article, never its actual authors",Article processing charges are a reliable indicator of research quality regardless of institutions,APC waivers for authors in low-income countries are applied consistently across all major publishers,a,"While APC gold OA removes paywalls for readers, it can create a new barrier for authors who lack grants or institutional funds - a concern especially for the Global South and less-funded disciplines - motivating waivers, diamond OA, and other models.",https://www.nature.com/nature-index/news/equity-concerns-persist-over-open-access-publishing,checked,
OA-032,Intermediate,Open Access,publishing-economics; equity-inclusion,Programs like Research4Life exist primarily to:,Produce and publish rankings of open access journals,Provide direct financial support to preprint servers,Assign persistent DOIs to scholarly publications,Provide free or low-cost access to literature for researchers in eligible countries,Formally certify the trustworthiness of data repositories,d,"Research4Life is a public-private partnership giving institutions in eligible low- and middle-income countries free or very low-cost access to peer-reviewed content (and related waivers), addressing access inequities in scholarly literature.",https://www.research4life.org/about/,checked,
OA-033,Intermediate,Open Access,rights-retention; policy-compliance; repositories,An author wants to comply with a funder's immediate-OA requirement but publish in a subscription journal. Which route most directly enables this without an APC?,Green open access via self-archiving with rights retention to avoid an embargo,"Posting a preprint of the work and simply stopping there, without further action",Waiting patiently for the publisher's standard 24-month embargo period to end,Paying the publisher's fee to access the hybrid open access option,Formally transferring copyright ownership of the article to the funder,a,"Depositing the accepted manuscript in a repository (green OA), combined with a rights-retention strategy that secures a CC BY license before submission, lets the author provide immediate open access with no APC, even in a subscription journal.",https://www.coalition-s.org/rights-retention-strategy/,checked,
OA-034,Intermediate,Open Access,licensing,"How can Creative Commons licenses be combined or 'stacked', and what limitation exists?","BY, SA, NC, and ND combine into six licenses, but SA and ND cannot coexist",There are exactly 20 valid combinations that can be formed from the four licensing elements,Any of the four licensing elements can be freely combined together with no restrictions at all,Only the NC and ND elements are ever permitted to be combined together in a single license,Creative Commons licenses can never be combined with one another under any circumstances at all,a,"Creative Commons offers six licenses formed from the BY, SA, NC, and ND conditions; ShareAlike and NoDerivatives are mutually exclusive (one governs how derivatives are shared, the other bans derivatives), which is why no BY-SA-ND license exists.",https://creativecommons.org/share-your-work/cclicenses/,checked,
OA-035,Intermediate,Open Access,repositories,What is the significance of a journal being listed in DOAJ for authors assessing where to publish?,It automatically guarantees that the journal has a high official impact factor,It signals the journal has met DOAJ's transparency and quality criteria,It simply means the journal does not charge any fees whatsoever,It provides a formal numerical ranking for where the journal stands,It certifies that every single article the journal publishes is factually correct,b,"DOAJ inclusion indicates a journal meets vetted criteria for openness, transparency, and best practice, which authors can use as one positive signal of legitimacy - useful in avoiding predatory venues - though it is not a quality-of-content guarantee.",https://doaj.org/apply/guide/,checked,
OA-036,Intermediate,Open Access,repositories,"What was the 'DOAJ Seal', and what happened to it?",A decorative logo or badge that any journal could simply purchase outright from DOAJ for a fee,A mark for meeting seven best-practice criteria; DOAJ retired it in 2025 amid equity concerns,A ranking system that listed and ordered only the very top open access journals each year,A specific type of open Creative Commons license that individual journals could choose to formally adopt,A certificate awarded to individual peer reviewers in recognition of their volunteer service,b,"The DOAJ Seal recognized journals meeting seven higher-bar best-practice criteria. DOAJ retired it on 8 April 2025, partly because only about 8% of indexed journals had ever earned it, and of those, 88% came from the economic North and larger commercial publishers, confirming the Seal was easier for well-resourced journals to achieve, at odds with DOAJ's mission of equal visibility regardless of geography. DOAJ has since planned equity-oriented labels (e.g., Diamond OA, author-retains-rights) in its place.",https://blog.doaj.org/2025/04/09/our-metadata-changes-are-live-and-the-seal-has-been-retired,checked,
OA-037,Expert,Open Access,rights-retention; policy-compliance; repositories,"Under Plan S's Rights Retention Strategy, why is the Author Accepted Manuscript (AAM), rather than the publisher's Version of Record (VoR), often the version actually deposited to satisfy compliance?","The AAM is what the prior CC BY license attaches to; it's available without needing the publisher's cooperation, unlike the VoR","The AAM is considered scientifically more accurate than the VoR, since it hasn't been altered by a publisher's editorial team",Funders require the AAM specifically because it is shorter and cheaper for repositories to store than the VoR,"The VoR can never legally be deposited in any repository, under any licensing arrangement","The AAM is the version submitted before peer review, so it becomes available for deposit much earlier than the VoR",a,"cOAlition S's own preferred option is actually the VoR made open access, since it's the publisher-maintained, corrected, authoritative version; but where a publisher won't cooperate, the AAM (the peer-reviewed version before copyediting/formatting) is the fallback, because the prior CC BY license from Rights Retention attaches to the author's own manuscript, something authors can deposit unilaterally regardless of whether the publisher agrees to open the VoR.",https://www.coalition-s.org/rights-retention-strategy/,checked,
OA-038,Expert,Open Access,publishing-economics,"A 2020 joint position paper by fully open-access publishers (including Frontiers, MDPI, and Copernicus) argued that transformative agreements are often not truly ""transformative."" What was their key critique?",The agreements are illegal under most national procurement and antitrust law,"The agreements only ever end up financially benefiting small, independent society publishers",The agreements eliminate all reading access to a journal's content for every remaining subscriber,"The agreements lack binding guarantees to reach full, immediate open access within a defined timeframe, so large sums of public funding can flow indefinitely without a completed transition",The agreements reduce a publisher's subscription revenue far too quickly for it to financially survive,d,"In a joint position paper, fully open-access publishers argued that for an agreement to be genuinely ""transformative,"" it must guarantee full transition to 100% OA within a defined, short timeframe, and guarantee the process can't be reversed or cancelled afterward. Their concern was that many large-scale Publish and Read deals lacked exactly these binding conditions, so they could tie up substantial public funding with large subscription publishers indefinitely, without ever being contractually forced to complete the transition, a critique that helped shape cOAlition S's eventual decision to time-limit its own financial support for these arrangements.",https://www.frontiersin.org/news/2020/03/10/current-transformative-agreements-are-not-transformative,checked,
OA-039,Expert,Open Access,open-access-models,How does 'bronze' open access complicate open-access measurement and policy compliance?,"It is, in every practical and legal respect, exactly the same thing as gold open access","It is a designation that applies only to research datasets, and never to journal articles",It is simply a specific subtype that falls formally under the umbrella of diamond open access,"It requires, by strict definition, that the author pay a substantial article processing charge","Bronze articles are free but unlicensed, so access can be revoked anytime",e,"Piwowar et al. coined ""Bronze"" for articles free to read on the publisher's site with no explicit open license, and found it was actually the single largest OA category, bigger than Gold, Green, or Hybrid. That's the problem: Bronze lumps together genuinely free content, delayed/embargoed access, and publisher-chosen promotional freebies, none guaranteed to stay open or reusable. Since funder policies typically require an open license and lasting access, counting Bronze as ""OA"" without distinguishing it can make compliance look better than it really is.",https://peerj.com/articles/4375/,checked,
OA-040,Expert,Open Access,licensing; policy-compliance,Why is CC BY generally required rather than CC BY-NC for compliant open-access articles under policies like Plan S?,"NC's boundary is genuinely unclear (e.g., is text-mining by a company, or copying at print cost, ""commercial""?), so it risks blocking reuses Plan S wants to guarantee","CC BY-NC forbids all forms of reuse whatsoever, including reading the article itself","CC BY-NC is legally identical to CC BY, so requiring one over the other has no real practical effect","CC BY-NC requires a more expensive, separately negotiated licensing fee that CC BY does not",CC BY-NC was designed specifically to prevent authors from being properly credited for their work,a,"Plan S calls out that NonCommercial terms are ambiguous; ""commercial"" has no settled definition in this context, so uses like a university licensing content, a researcher hiring a commercial print shop, or a company running text-and-data-mining are all genuinely contested cases. Because Plan S wants guaranteed, unrestricted reuse, that ambiguity itself is the problem, not just that NC ""restricts more,"" but that nobody can say in advance exactly what it restricts.",https://www.coalition-s.org/plan_s_principles/,checked,
OA-041,Expert,Open Access,rights-retention; policy-compliance,"What distinguishes a 'rights-retention' open-access mandate (used in various forms by Harvard, cOAlition S, and UKRI) from a simple deposit request?",A rights-retention policy mainly differs by requiring a longer embargo period before deposit is allowed,"It requires the university, rather than the author, to negotiate and pay for publication in a fully open-access journal","It transfers copyright ownership of the article to the institution, similar to a standard publisher agreement","It applies to all written scholarly output, including books, datasets, and teaching materials, not just journal articles","Authors (or their institution, by policy) grant a prior, non-exclusive license before any publisher contract is signed",e,"Rights-retention mandates work by securing a standing, non-exclusive license, granted by faculty vote (Harvard) or by policy (cOAlition S, UKRI), before any publisher contract exists. This means the right to deposit openly is locked in ahead of time and can't be signed away by a later publishing agreement; a plain deposit request has no such legal backing and can simply be overridden by publisher terms. Crucially, this is not a transfer of ownership: authors retain copyright throughout, the institution only holds a limited, non-exclusive license.",https://library.harvard.edu/about/policies/harvard-open-access-policies,checked,
OA-042,Expert,Open Access,open-access-models; publishing-economics; equity-inclusion,"Why do some argue diamond open access is more sustainable and equitable than APC-based gold OA, and what is its main challenge?","Diamond removes author charges, but its challenge is securing stable, long-term funding","Diamond open access relies on a lighter, faster form of peer review than gold OA journals typically use",Diamond open access is funded primarily through higher article processing charges spread across a consortium of authors,"Diamond open access is concentrated almost entirely in well-resourced Global North institutions, with little uptake elsewhere","Diamond open access has largely solved its funding challenges through stable, long-term government contracts",a,"Diamond OA charges neither readers nor authors, avoiding the equity problems of APCs and the paywalls of subscriptions; because it's typically community-driven, academic-led, and academic-owned, it also supports bibliodiversity, sustaining small-scale, multilingual, and regional scholarly communities that commercial models often don't serve. Its central difficulty is sustainable financing: it depends on institutional, governmental, or volunteer support that can be precarious, which is why cOAlition S and partners launched the Action Plan for Diamond Open Access and the Global Summit on Diamond Open Access to coordinate funding and capacity-building efforts.",https://www.coalition-s.org/diamond-open-access/,checked,
OA-043,Expert,Open Access,policy-compliance,cOAlition S's 'Towards Responsible Publishing' proposal (2023-2024) envisions a scholarly communication system in which:,"Third-party publishing services are eliminated entirely, with all peer review handled in-house by funders","Authors retain rights and share the full range of outputs, not just the final article","Editorial gatekeeping and career incentives are tied more closely together, not less, to raise publishing standards","Peer review is conducted, then permanently discarded, since only the final approved article carries scholarly value",Authors surrender the decision of when and what to publish to their funding institution,b,"cOAlition S argued the current system has four core problems: publishing models are highly inequitable, sharing of outputs is needlessly delayed, peer review's full potential goes unrealised (reports are rarely captured or shared), and editorial gatekeeping tied to career incentives is actively damaging science. Their proposed fix reframes publishing around the whole research process: authors decide when and what to share, third-party services can charge for support but can't block dissemination, and the scholarly record expands to include preprints, data, and peer-review reports, not just the final formatted article.",https://www.coalition-s.org/wp-content/uploads/2023/10/Towards-responsible-publishing-a-proposal-from-cOAlition-S-Summary.pdf,checked,
OA-044,Expert,Open Access,policy-compliance; publishing-economics,What defines a 'transformative agreement' between an institution and a publisher?,It is a one-time grant an institution gives a publisher to convert its entire journal portfolio to open access permanently,"It requires each author to negotiate and pay their own article processing charge, same as under a standard hybrid subscription",It is a formal certification that a publisher's journals meet a minimum open-access compliance standard,It merges a library's subscription (reading) spending and authors' individual open-access publishing fees into one centrally negotiated deal with the publisher,It replaces subscription access with pay-per-article purchasing for each individual reader,d,"Per ESAC (the field's reference initiative for these deals), a transformative agreement repurposes an institution's former subscription spending to cover open access publishing costs, bringing reading access and open-access publishing, previously two separate transactions (library subscription fees and individual author APCs), under one centrally negotiated contract. This shifts both who pays (institution, not individual author) and what's being paid for (publishing services, not just access).",https://esac-initiative.org/about/transformative-agreements/,checked,
OA-045,Expert,Open Access,policy-compliance; publishing-economics,Why is the distinction between 'transformative journals' and 'transformative agreements' important under Plan S?,"Transformative journals are subscription-only publications forever, with no path toward full open access","They are functionally interchangeable, so cOAlition S applies identical eligibility criteria to both",A transformative agreement is a consortium-publisher contract; a transformative journal is one committing to flip to full OA,"Transformative agreements under Plan S apply only to academic books, never to journal articles",Neither transformative journals nor transformative agreements were ever actually supported under Plan S,c,"Transformative Agreements are negotiated at the country or institution/consortium level, which works well for large publishers and well-resourced consortia, but leaves out journals that can't negotiate one, like smaller society journals, or that want to offer a Plan S-compliant OA option to every author regardless of location. Transformative Journals exist to close that gap: instead of a negotiated deal, a journal itself commits to measurable annual OA-growth targets and an eventual flip to full OA. Knowing the distinction matters because the two mechanisms serve different journals with different constraints, and (as of the source's data) hybrid journals alone have a dismal flip-to-OA track record, only 8 of Wiley's 1,600+ journals and 7 of Elsevier's 2,200+ journals converted, which is exactly the failure both transformative mechanisms were designed to avoid.",https://www.coalition-s.org/transformative-journals-faq/,checked,
OA-046,Expert,Open Access,publishing-economics,"What structural problem does the 'serials crisis' describe, and how does it connect to the push for open access?",The existence of far too many competing open access journals chasing the same readers,Decades of subscription price increases outpacing library budgets concentrated among a few large publishers,"A persistent, worsening shortage of qualified editors willing to take on running journals",A general and ongoing lack of preprint servers available for researchers to use,An unusual surplus of funding that has become available to university libraries,b,"The serials crisis refers to journal subscription costs rising faster than library budgets, with high profits concentrated among major commercial publishers; this economic pressure was a key driver of the open-access movement's search for alternatives.",https://publications.arl.org/rli287/7,checked,
OA-047,Expert,Open Access,publishing-economics; equity-inclusion,"Why do critics argue that read-and-publish deals worsen global inequality in scholarly publishing, even though they lower barriers for readers?","They eliminate reading access entirely for every institution that does not sign one, regardless of income level","They apply a single global flat fee that is identical for every country, regardless of GDP or existing subscription spend","They require all participating institutions to publish exclusively in fully open-access, APC-free ""diamond"" journals",They were designed from the outset to specifically exclude Global North universities from OA publishing rights,"They shift the cost burden from readers to authors, and only institutions with an existing deal have a ""read"" baseline to convert into a read-and-publish agreement",e,"Read-and-publish deals shift OA costs from readers to authors, and only institutions or countries that already had a subscription (""read"") deal can convert it into a read-and-publish agreement, so the model favors wealthy, already-subscribed institutions and leaves out those with no baseline deal to build on.",https://blogs.lse.ac.uk/impactofsocialsciences/2020/02/21/read-and-publish-open-access-deals-are-heightening-global-inequalities-in-access-to-publication/,checked,
OA-048,Expert,Open Access,publishing-economics,Why do critics argue that 'flipping' subscription journals to gold OA via APCs may not fundamentally reform scholarly publishing economics?,Because gold open access publishing does not actually have any real costs associated with it,"Because article processing charges are, in every case, lower than equivalent subscription fees","Because it can preserve the same publishers, prices, and profit margins",Because the practice of flipping a subscription journal to gold OA poses legal issues,because APC waivers fully offset the cost burden for under-resourced researchers,c,"A core critique is that APC-based flips leave market structure, pricing power, and margins intact while relocating the payment point to authors, which neither reduces overall system costs nor breaks publisher concentration - and adds equity problems for the underfunded.",https://www.preprints.org/manuscript/202509.2547,checked,
OA-049,Expert,Open Access,open-access-models; licensing,"A journal attaches a CC BY license to an article, but the article still sits behind a subscription paywall. Does this satisfy the 'libre open access' definition?","Yes, since applying any Creative Commons license automatically satisfies both the gratis and libre conditions at once","No, because libre OA requires the gratis (free-to-read) condition to be met as well; a license alone doesn't remove a price barrier","No, because CC BY specifically is barred from ever being applied to paywalled content under Creative Commons' own terms","Yes, because 'libre' refers only to permission rights, and gratis status is irrelevant to whether something counts as libre OA","No, because a paywalled article can never legally carry any Creative Commons license under copyright law",b,"Libre OA is gratis OA (free to read) plus an open license granting reuse rights; the two are separate, jointly-required conditions. A CC BY license grants permission to reuse, but permission isn't the same as access, if the article is still paywalled, the price barrier hasn't been removed, so the gratis condition fails even though a license is attached. This is why licensing alone is insufficient: it satisfies the permission half of libre OA but not the access half.",https://sparcopen.org/our-work/gratis-and-libre-open-access/,checked,
OA-050,Intermediate,Open Access,publication-ethics,"Why has Jeffrey Beall's ""List of Predatory Publishers"", once the most widely used reference for identifying predatory journals, been widely criticized by the library and scholarly communications community?","Because the list was maintained collaboratively by a large editorial board, whose members frequently disagreed on inclusion criteria","Because it flagged many legitimate journals (student-run, in-house, or small journals) as questionable, while showing geographic bias against certain regions","Because the list only ever covered subscription journals, never addressing open access publishers at all","Because DOAJ formally absorbed the list's function, making it fully redundant rather than flawed","Because the list charged publishers a fee to avoid being included, which critics viewed as extortion",b,"Critics documented that Beall's criteria produced many false positives (flagging legitimate journals like student-run publications or those with in-house editorial addresses as suspect), didn't distinguish deliberate deception from mere incompetence, and applied harsher, more loaded language to publishers based in certain countries than to comparably-flawed publishers elsewhere. The list was taken down in 2017, and critics have argued that any replacement needs to be built on transparent, verifiable criteria rather than one individual's unilateral judgment.",https://informationr.net/ir/22-4/rails/rails1611.html,checked,
OA-051,Intermediate,Open Access,repositories; preservation,What does an author gain by depositing an accepted manuscript in a repository even after publishing gold OA?,"Little practical benefit, since the content is already freely available through the journal",t causes the publisher to take down the official version of record from their site,"It triggers a second DOI to be minted, which then supersedes the original article DOI","A preserved, openly accessible copy independent of the publisher's platform",It tends to boost the article's placement in journal impact factor calculations,d,"epository deposit gives an institution its own preserved, independently-held copy, rather than relying entirely on the publisher's platform to keep the article available. cOAlition S frames this as a core rationale for repository mandates: long-term preservation and local control, so the work remains part of the institution's own record and recoverable even if the publisher's site changes, discontinues access, or a platform is lost. This complements, rather than duplicates, the gold-OA version of record.",https://www.coalition-s.org/blog/coalition-s-and-repositories-part-ii/,checked,
OA-052,Beginner,Open Access,open-access-models,What does 'open access' primarily remove for readers?,The ongoing need to cite the original sources used in scholarly work,The need to use persistent identifiers when citing scholarly sources,The requirement that a manuscript undergo formal peer review,The price barrier to reading and reusing scholarly work,The original author's underlying legal copyright over the work,d,"Open access removes the cost barrier so anyone can read the work, and in its libre form also removes permission barriers via open licensing; it does not remove citation, peer review, copyright, or identifiers.",https://www.budapestopenaccessinitiative.org/read/,checked,
OA-053,Intermediate,Open Access,publishing-economics,Why can a hybrid journal lead to concerns about 'double dipping'?,Because the publisher can collect both subscription income and APCs,Because a hybrid journal is able to publish new articles twice as fast,Because authors are required to submit their manuscript to two separate journals,Because individual readers end up having to pay twice in order to read the article,Because the journal assigns two separate DOIs to the very same article,a,"In hybrid journals, libraries keep paying subscriptions while authors also pay APCs to open individual articles, so publishers are effectively paid twice for the same content, ""double dipping."" Publishers argue the two revenue streams are kept separate, but Pinfield et al. (2016) found APC spending was adding markedly to institutions' total publishing costs, and there's no independent way to verify publishers' no-double-dipping claims without full transparency into their pricing. This is one of six reasons cOAlition S gave for not financially supporting the hybrid model.",https://www.coalition-s.org/why-hybrid-journals-do-not-lead-to-full-and-immediate-open-access/,checked,
OA-054,Expert,Open Access,open-access-models; equity-inclusion,Why is the growth of diamond OA seen as important for bibliodiversity in scholarly publishing?,Because it forces every open access journal to adopt one single standardized publishing format,Because it concentrates all scholarly publishing activity onto a small number of commercial platforms,Because it removes the longstanding requirement for submitted articles to undergo peer review,"Because no-fee journals sustain a plurality of venues, languages, and disciplines outside commercial models",Because it requires that all scholarly publishing take place exclusively in the English language,d,"Diamond OA journals are typically small-scale, scholar-led, and multilingual, serving regional and disciplinary communities that commercial or APC-based models often can't sustain. Because there's no fee barrier, publishing doesn't need to consolidate around a few well-funded venues; UNESCO frames this explicitly as a commitment to bibliodiversity, dismantling the geographic, financial, and institutional barriers that concentrate scholarly publishing in a small number of places and languages. This is why regions with long-standing diamond OA traditions, like Latin America's SciELO, Redalyc, and AmeliCA networks, are often cited as models for this kind of pluralism.",https://www.unesco.org/en/articles/diamond-open-access-global-paradigm-shift-scholarly-publishing,checked,
OA-055,Beginner,Open Access,policy-compliance,"Plan S, launched in 2018, is best described as:",A specific pricing plan set independently by individual academic publishers,A ranking system that compares universities by their research output,A technical standard governing the format of persistent identifiers,An initiative by research funders requiring immediate open access,A centralized repository used specifically for storing research data,d,"Plan S is an initiative launched in 2018 by cOAlition S, a group of research funders coordinated with Science Europe, requiring that publications from funded research be made immediately open access with no embargo.",https://www.coalition-s.org/about/,checked,
OA-056,Intermediate,Open Access,open-access-models; equity-inclusion,"Which country is, per DOAJ and the COKI Open Access Dashboard, in close competition with the UK as the world's largest publisher of open access journals, and the second-largest producer of open access articles overall?",China,India,Indonesia,Brazil,Australia,c,"Indonesia has one of the world's largest and most active open access journal ecosystems, rivaling the UK in journal count and ranking second globally in OA article output, driven by grassroots communities like the Indonesian Open Science Team and infrastructure such as the Garuda journal index and the RINarxiv preprint server. This challenges the common assumption that OA leadership is concentrated in Europe and North America; Southeast Asia, alongside Latin America and Africa, is one of the regions actually leading on OA share of output.",https://pmc.ncbi.nlm.nih.gov/articles/PMC9548629/,checked,
OA-057,Beginner,Open Access,policy-compliance,The 2022 US OSTP memo (the 'Nelson memo') is best known for requiring that federally funded research be:,Kept under a mandatory 12-month embargo before being made public,Formally sold to recover the government's research costs,Made accessible only to employees of the federal government,Published exclusively in journals based within the United States,"Made freely available immediately, with no embargo period",e,"The 2022 OSTP memo directs federal agencies to make peer-reviewed publications from funded research freely available immediately upon publication, eliminating the previously allowed 12-month embargo.",https://sparcopen.org/our-work/2022-updated-ostp-policy-guidance/,checked,
OA-058,Beginner,Open Access,open-access-models; policy-compliance,What is the UNESCO Recommendation on Open Science (2021)?,A registry specifically responsible for assigning persistent identifiers,The first international standard-setting instrument on open science,An annual ranking that compares universities by their openness,A binding international treaty enforced through formal sanctions,An academic journal that is directly published by UNESCO itself,b,"Adopted in November 2021 by UNESCO's member states, the Recommendation is described as the first international standard-setting instrument on open science, providing shared definitions, values, and principles.",https://www.unesco.org/en/open-science/about,checked,
OA-059,Beginner,Open Access,policy-compliance,What is the core requirement of the NIH 2024 Public Access Policy?,A 12-month embargo period is explicitly permitted under this policy,"Only the underlying research data, and not the manuscripts, must be shared","AAMs must be deposited in PubMed Central with no embargo, from publication",Research conducted under this policy must be published in US-based journals only,Publications covered by the policy must remain closed for a full year,c,"The NIH 2024 Public Access Policy requires that manuscripts arising from NIH funding (accepted on or after 1 July 2025) be submitted to PubMed Central and made freely available immediately upon publication, removing the previous 12-month embargo.",https://grants.nih.gov/policy-and-compliance/policy-topics/public-access/nih-public-access-policy-overview,checked,
OA-060,Beginner,Open Access,policy-compliance; publishing-economics,What did the Gates Foundation's 2025 open access policy change regarding article processing charges (APCs)?,It substantially increased the level of APC funding provided to grantees,It mandated that grantees publish exclusively in hybrid journals,It began directly charging individual readers for access,It removed every existing open access requirement altogether,"It stopped paying APCs, requiring manuscripts to be shared as preprints",e,"From 1 January 2025 the Gates Foundation no longer pays individual APCs and instead requires grantees to post their funded manuscripts as preprints, shifting away from funding pay-to-publish open access.",https://openaccess.gatesfoundation.org/open-access-policy/2025-open-access-policy/,checked,
OA-061,Beginner,Open Access,policy-compliance,"Under Horizon Europe, when must peer-reviewed publications from funded projects be made openly available?",Only after a standard 12-month embargo period has fully elapsed,"Immediately, via deposit in a trusted repository",Only once the entire funded project has been formally completed,Only if the individual researcher personally chooses to do so,At any point within five years of the article's publication,b,"Horizon Europe requires immediate open access: a machine-readable copy of each peer-reviewed publication must be deposited in a trusted repository at the latest at the time of publication, with no embargo, under an open licence (CC BY for articles).",https://www.openaire.eu/how-to-comply-with-horizon-europe-mandate-for-publications,checked,
OA-062,Beginner,Open Access,policy-compliance,What does the UKRI open access policy require for in-scope journal articles?,A mandatory embargo period lasting a full 24 months,No open access requirement of any kind whatsoever,"Immediate open access, via a repository deposit under a CC BY licence",Publication exclusively within journals based in the United Kingdom,Access that is limited only to staff employed directly by UKRI,c,"UKRI's policy (for research articles from April 2022) requires immediate open access with a CC BY licence, achievable either through an open version of record or by depositing the author accepted manuscript in a repository at the time of publication, with no embargo.",https://www.ukri.org/publications/ukri-open-access-policy/,checked,
OA-063,Beginner,Open Access,policy-compliance,What is the general purpose of a funder open access or public access mandate?,To produce a formal ranking that compares researchers funded by the same agency,To handle the technical process of assigning DOIs to funded outputs,To deliberately restrict who is legally permitted to read the research,To require that funded research be made freely available to the public,To substantially increase the profit margins earned by commercial publishers,d,"Funder open access or public access mandates are policies adopted by research funders (or institutions and governments) requiring funded research outputs to be made freely and openly available, rather than left behind paywalls.",https://en.wikipedia.org/wiki/Open-access_mandate,checked,
OA-064,Beginner,Open Access,policy-compliance,What does 'immediate open access' (zero embargo) mean in funder policies?,Access to the publication is only granted after a period of several months,The publication is freely available from the moment it is published,Access to the publication expires again shortly after it is granted,Access to the publication is limited exclusively to the funder itself,Access under this policy is limited only to the underlying raw data,b,"Zero-embargo/immediate open access means there is no waiting period: the research publication is openly and freely available to all readers as soon as it is published, a requirement now common to Plan S, the Nelson memo, NIH 2024, Horizon Europe, and others.",https://sparcopen.org/our-work/2022-updated-ostp-policy-guidance/,checked,
OA-065,Beginner,Open Access,rights-retention; policy-compliance; repositories,How can a researcher typically comply with an immediate-OA funder policy without paying an APC?,"There is, in practice, simply no available way to achieve this at all",By choosing to keep the resulting manuscript entirely closed to readers,By waiting patiently until the publisher's embargo period comes to an end,By publishing exclusively in the very most expensive journals available,By using the green/repository route with rights retention,e,"Rights retention combined with repository deposit lets authors satisfy immediate-OA policies at no APC: they retain the right to apply a CC BY licence to the accepted manuscript and deposit it openly on publication, regardless of the journal's model.",https://www.coalition-s.org/rights-retention-strategy/,checked,
OA-066,Intermediate,Open Access,policy-compliance; publishing-economics,"Under Plan S, what is the general stance on publishing in 'hybrid' journals?",This particular stance is understood to apply only to academic books,Compliant only under a transitional 'transformative' arrangement,"Hybrid journals are non-compliant, with no route to satisfy Plan S through them","Publishing through the hybrid route is, in fact, the preferred path","Publishing in a hybrid journal is compliant, provided the article itself is paywalled",b,Plan S does not consider standalone hybrid publishing compliant,https://www.coalition-s.org/addendum-to-the-coalition-s-guidance-on-the-implementation-of-plan-s/principles-and-implementation/,checked,
OA-067,Intermediate,Open Access,policy-compliance,"A core mechanism the Nelson memo emphasizes, beyond free access to publications, is:",Entirely eliminating the practice of formal peer review,Requiring that individual readers be charged for accessing data,Immediate access to underlying data and use of persistent identifiers,Deliberately restricting access to persistent identifiers,Extending the length of embargoes that apply to shared data,c,"Alongside zero-embargo access to publications, the 2022 OSTP guidance emphasizes providing access to the underlying data and encourages persistent identifiers for researchers, awards, and outputs.",https://sparcopen.org/our-work/2022-updated-ostp-policy-guidance/,checked,
OA-068,Intermediate,Open Access,policy-compliance; publishing-economics,"Under Horizon Europe, what is the funding stance on hybrid journals?",Article processing charges for hybrid journals are fully funded by the programme,Publishing in hybrid journals is formally and outright banned under the programme,"Hybrid publishing is permitted, but its APC costs are not eligible for reimbursement",Researchers funded under the programme may only ever publish in hybrid journals,Publishing through the hybrid route automatically satisfies the policy's requirements,c,"Horizon Europe does not reimburse OA fees in hybrid journals (those mixing paywalled and paid-OA content); researchers may still publish there but must meet the immediate-OA requirement another way (e.g., repository deposit), and the hybrid APC is not an eligible cost.",https://www.openaire.eu/how-to-comply-with-horizon-europe-mandate-for-publications,checked,
OA-069,Intermediate,Open Access,policy-compliance,Why is it significant when a funder accepts or requires preprints as part of its open access approach?,It means the funder no longer expects a peer-reviewed version to ever be produced,It is primarily intended to reduce the workload of peer reviewers,It only applies to research in fields where preprints were already the norm,"It lets research become openly available immediately, without depending on paying an APC",It replaces the need for any funder open access policy altogether,d,"Funders like the Gates Foundation have moved to require or accept preprints because doing so lets research reach the public immediately, independent of whether or when an APC gets paid for a peer-reviewed version - directly addressing cost and speed as barriers to open access.",https://www.science.org/content/article/bold-bid-avoid-open-access-fees-gates-foundation-says-grantees-must-post-preprints,checked,
OA-070,Intermediate,Open Access,policy-compliance,What distinguishes the cOAlition S 'Towards Responsible Publishing' (TRP) proposal from the original Plan S requirements?,"TRP scales back Plan S's ambitions, treating full OA as a lower priority",TRP is centered mainly on mandating considerably higher article processing charges,TRP broadens the vision toward authors retaining rights and sharing the full range of outputs,TRP explicitly endorses continued publishing through subscription-based journals,"TRP operates independently of Plan S, replacing it rather than extending it",c,"Where Plan S focuses on immediate OA to the published article, TRP (2023-2024) envisions a scholar-led system in which researchers retain rights and share the cumulative outputs of research - preprints, data, peer reviews - shifting emphasis from the accepted version to the whole research process.",https://www.coalition-s.org/towards-responsible-publishing/,checked,
OA-071,Expert,Open Access,rights-retention; policy-compliance; repositories,How does the cOAlition S Rights Retention Strategy interact with a subscription journal's embargo?,"A prior CC BY licence lets authors share the AAM immediately, overriding the embargo",This mechanism only ever becomes relevant once the embargo period has fully ended,"This particular mechanism has, in practice, no meaningful effect on embargoes at all",This mechanism works by requiring authors to pay the publisher directly for compliance,This particular mechanism works by lengthening the publisher's original embargo period,a,"Because grantees grant a CC BY license to their AAM before submission (a prior obligation to the funder), they can deposit it openly on acceptance regardless of a publisher's stated embargo, enabling zero-embargo green OA.",https://www.coalition-s.org/rights-retention-strategy/,checked,
OA-072,Intermediate,Open Access,rights-retention; policy-compliance; repositories,How does the rights-retention route let authors comply with an immediate-OA mandate at no cost?,By having the author agree to pay a substantially higher APC,By simply waiting patiently until the embargo period eventually lapses,By formally transferring the manuscript's copyright to the publisher,"By securing rights before submission, so no APC or publisher fee is ever required",By publishing the work exclusively through the hybrid journal route,d,"Under rights retention, the funder requires a prior CC BY license on the author accepted manuscript, so the author can deposit it openly on publication with no APC and no embargo, satisfying an immediate-OA policy for free.",https://www.coalition-s.org/rights-retention-strategy/,checked,
OA-073,Intermediate,Open Access,policy-compliance,"How do the NIH 2024 Public Access Policy, Plan S, and Horizon Europe compare on embargoes?","NIH, Plan S, and Horizon Europe all require immediate, zero-embargo public access",NIH permits embargoes while Plan S and Horizon Europe do not allow any,"Only Plan S, among the three, actually requires immediate open access",All three of these policies permit a standard 12-month embargo period,None of these three particular policies actually addresses embargoes at all,a,"A shared feature across NIH's 2024 policy, Plan S, and Horizon Europe is the elimination of embargoes: each independently requires the funded peer-reviewed publication to be made freely available immediately upon publication, even though the terminology and compliance mechanisms differ by funder.",https://www.journalmetrics.org/blog/funder-open-access-mandates-2025,checked,
OA-074,Intermediate,Open Access,policy-compliance,Why do funder mandates increasingly require immediate (zero-embargo) open access rather than allowing delays?,To substantially increase the subscription revenue collected by publishers,To deliberately reduce the overall number of publications produced,To deliberately restrict who is legally permitted to read the research,To formally eliminate the use of persistent identifiers altogether,Because immediate access maximizes public benefit from publicly funded research,e,"Zero-embargo requirements (as in Plan S, NIH 2024, Wellcome, and UKRI) reflect the argument that research paid for by the public should be accessible to the public without delay, rather than withheld during an embargo period.",https://www.journalmetrics.org/blog/funder-open-access-mandates-2025,checked,
OA-075,Intermediate,Open Access,policy-compliance,Why can researchers funded by multiple agencies face compliance complexity?,Because only the primary or lead funder's policy actually needs to be satisfied,Because funder policies are broadly interchangeable given their shared OA goals,"Because different funders require different licenses, routes, and terms",Because whichever policy was in effect at the time of the award applies for the whole project,Because meeting the strictest funder's requirement automatically satisfies the others,c,"When a project is co-funded, its outputs may need to meet several funders' distinct requirements simultaneously (licenses, accepted OA routes, data rules)",https://axial.acs.org/open-science/public-access-a-guide-for-corresponding-authors,checked,
OA-076,Intermediate,Open Access,open-access-models; policy-compliance,Which statement about the UNESCO Recommendation on Open Science is most accurate?,It is a recommendation whose provisions apply only to European countries,It formally mandates specific article processing charge amounts for journals,"It frames open science broadly, including infrastructures and societal engagement",It defines open science narrowly as simply meaning open access to journal articles,It is intended to formally replace existing national research laws,c,"The UNESCO Recommendation takes a broad view of open science, encompassing open access and open data but also open infrastructures, open engagement of societal actors, and open dialogue with other knowledge systems, including Indigenous knowledge.",https://www.unesco.org/en/open-science/about,checked,
OA-077,Expert,Open Access,policy-compliance; publishing-economics,Why is the Gates Foundation's decision to stop paying APCs and require preprints seen as a notable signal in OA policy debates?,Because this decision effectively mandates that grantees publish in subscription journals,"Because this decision, somewhat paradoxically, increases the foundation's reliance on APCs",Because a major funder concluded that paying APCs was costly and ineffective,Because this decision is widely understood to represent an abandonment of open access,Because this decision is understood to formally ban the sharing of underlying data,c,"Gates had been spending millions annually on APCs, and the foundation cited affordability as a barrier for authors",https://www.science.org/content/article/bold-bid-avoid-open-access-fees-gates-foundation-says-grantees-must-post-preprints,checked,
OA-078,Expert,Open Access,rights-retention; policy-compliance,"What implementation challenge do zero-embargo green-OA policies (e.g., via rights retention) create with publishers?",Publishers uniformly welcome the policy since it simplifies their own compliance workload,Publishers instead redirect their objections toward funders' data-sharing requirements,Publishers may resist or add contract terms against immediate AAM sharing,Publishers primarily object to the choice of repository rather than to timing at all,Publishers' objections are limited to a small number of niche disciplinary journals,c,Zero-embargo requirements clash with the embargo periods many subscription publishers build into their standard agreements,https://www.coalition-s.org/rights-retention-strategy/,checked,
OA-079,Expert,Open Access,policy-compliance,"What is the significance of major funders (e.g., NIH, Horizon Europe, UKRI, Wellcome) converging on immediate, zero-embargo open access?",This kind of convergence has the effect of weakening existing open access requirements,"This kind of convergence, in practice, applies only within a single academic discipline",This kind of convergence has the effect of reintroducing paywalls across the system,This kind of convergence tends to fragment open access policy across different funders,It creates a global baseline that immediate open access is expected for funded research,e,"When the largest public and philanthropic funders independently require immediate, embargo-free open access, they collectively establish a global norm that shifts publisher practices and author expectations toward zero-embargo access as the default for funded research.",https://www.journalmetrics.org/blog/funder-open-access-mandates-2025,checked,
OSS-001,Beginner,Research Software,software-citation; persistent-identifiers; authorship-credit,Why is citing research software with a persistent identifier increasingly encouraged?,Research software cannot be meaningfully cited since it lacks the fixed content of a paper,Citing software this way is believed to directly raise a journal's impact factor,Most funders now require a persistent identifier as a condition of grant compliance,Research software is understood to have no identifiable individual authors,So that software creators receive credit and others can identify the exact version used,e,"Citing software (e.g., via a DOI to an archived release) gives developers scholarly credit and lets readers identify and reuse the exact version, supporting reproducibility.",https://force11.org/info/software-citation-principles-published-2016/,checked,
OSS-002,Beginner,Research Software,software-citation; software-development; persistent-identifiers,What is a CITATION.cff file?,A software license that explicitly forbids any form of reuse,A configuration file used to set up continuous-integration pipelines,A plain-text YAML file that tells people how to cite the software,A citation that refers specifically to a single associated paper only,"A compiled, ready-to-run binary version of the software",c,"A CITATION.cff file is a human- and machine-readable YAML file placed in a repository that provides citation metadata (authors, title, version, DOI) so the software can be cited correctly.",https://citation-file-format.github.io/,checked,
OSS-003,Beginner,Research Software,software-citation; open-source-software; software-sustainability,The Journal of Open Source Software (JOSS) is unusual because:,It publishes research exclusively within the field of physics,It does not employ any form of formal peer review at all,"It only accepts and publishes closed-source, proprietary code",it is a diamond OA journal that peer-reviews the software itself,It charges authors unusually high publication fees to submit,d,"JOSS is a free-to-read, free-to-publish (diamond OA) journal whose open peer review, conducted on GitHub, evaluates the software package itself alongside a short paper.",https://joss.theoj.org/about,checked,
OSS-004,Intermediate,Research Software,software-citation; software-development; persistent-identifiers,"When a GitHub repository contains a CITATION.cff file, what happens on GitHub?",A DOI is automatically and immediately minted for the repository,The underlying code is automatically sent out for formal peer review,Nothing at all happens; GitHub simply ignores the file entirely,The entire repository is automatically archived and preserved,GitHub displays a 'Cite this repository' option generating formatted citations,e,"GitHub reads a CITATION.cff file and surfaces a 'Cite this repository' button that offers formatted citations (e.g., APA and BibTeX) drawn from the file's metadata.",https://docs.github.com/en/repositories/managing-your-repositorys-settings-and-features/customizing-your-repository/about-citation-files,checked,
OSS-005,Intermediate,Research Software,software-citation; open-source-software; software-sustainability,How does the JOSS review process primarily differ from a traditional journal's?,It reviews only the manuscript's abstract and nothing else,"It is conducted openly in public GitHub issues, reviewing the software itself","It is conducted as a closed, double-blind process like most journals",The outcome is decided solely by the software's accumulated citation count,The submitted software package has no assigned reviewers at all,b,"JOSS reviews take place openly in public GitHub issues, where reviewers check that the software installs, runs, is documented, and is reusable, in addition to a short accompanying paper.",https://joss.theoj.org/about,checked,
OSS-006,Expert,Research Software,software-citation; software-development; computational-reproducibility,"A study cites a DOI-archived, tagged GitHub release of its analysis code. Why might this alone still be insufficient for someone to reproduce the study's results?","A DOI archive preserves the source code, but not necessarily the environment, dependencies, or build process needed to run it","A DOI, once minted, is understood to expire after a fixed number of years and stops resolving",GitHub releases are believed to automatically include a full snapshot of the original operating system,A DOI archive is understood to update automatically to match the latest commit on the default branch,Zenodo is believed to reject any repository that has more than one dependency listed,a,"Archiving source code preserves the code itself, but reproducing results also requires the computational environment (compilers, library versions, OS-level dependencies) at the time it ran",https://everse.software/RSQKit/archiving_software,checked,
OSS-007,Beginner,Research Software,software-citation; persistent-identifiers; authorship-credit,The FORCE11 Software Citation Principles were created chiefly to:,"Establish software as a legitimate, citable research product",Formally ban the citation of research software in publications,Mandate that all research software use DOIs as its only permitted identifier,Replace traditional journal articles entirely with raw code,Set standardized licensing fees for research software,a,"The Software Citation Principles (FORCE11, 2016) articulate that research software is a legitimate scholarly product deserving citation, and set out principles such as importance, credit, unique identification, and accessibility.",https://force11.org/info/software-citation-principles-published-2016/,checked,
OSS-008,Beginner,Research Software,software-citation; open-source-software; software-sustainability,Which fiscal/organizational sponsor is associated with JOSS and Open Journals?,Springer Nature,The European Commission,Elsevier,Clarivate,"NumFOCUS, a nonprofit",e,"JOSS is published under Open Journals and operates with fiscal sponsorship from NumFOCUS, a nonprofit that supports open-source scientific computing projects.",https://joss.theoj.org/about,checked,
OSS-009,Expert,Research Software,software-citation; software-development; preservation,"When archiving software with a repository like Zenodo, why might a project include both a CITATION.cff and a codemeta.json file rather than just one?","CodeMeta covers broader software metadata (JSON), while CITATION.cff focuses specifically on human-readable citation information (YAML)",A codemeta.json file is required before Zenodo will accept any archived software submission,CITATION.cff and codemeta.json are understood to be two different names for exactly the same file format,Including a CITATION.cff file is understood to make a codemeta.json file entirely unnecessary,A codemeta.json file is required specifically to satisfy GitHub's 'Cite this repository' feature,a,"CodeMeta is a JSON-LD format covering broader software metadata useful to archives, repositories, and indexers, while CITATION.cff is a simpler, human-writable YAML format focused specifically on citation information",https://arxiv.org/abs/2212.12683,checked,
OSS-010,Beginner,Research Software,licensing; open-source-software,Why should a research software project include an explicit open-source license file?,Adding a license file is mainly a way to increase a repository's star count,Adding a license file is believed to make the underlying code run faster,"Adding a license file matters because without one, default copyright leaves others with no legal right to reuse the code",A license file is required specifically in order to assign the code a DOI,Adding a license file is a way to deliberately hide the underlying source code,c,"Publishing code publicly does not grant reuse rights; by default all rights are reserved. An explicit open-source license (e.g., MIT, Apache-2.0, GPL) tells others what they may legally do, which is essential for genuine reuse and collaboration.",https://choosealicense.com/no-permission/,checked,
OSS-011,Beginner,Research Software,licensing; open-source-software,What characterizes a 'permissive' open-source license like MIT or BSD?,It explicitly forbids the licensed software from being used commercially,It requires that any derivative works also be released as open source,It prohibits the software from being redistributed to other parties,It bans anyone from making modifications to the original software,"It allows reuse, modification, and redistribution with minimal conditions",e,"Permissive licenses (MIT, BSD, Apache-2.0) impose few restrictions, mainly attribution/notice retention, and permit incorporation into closed-source or commercial products, maximizing reuse flexibility.",https://choosealicense.com/licenses/,checked,
OSS-012,Beginner,Research Software,licensing; open-source-software,What is a 'copyleft' license such as the GPL designed to ensure?,That only the software's original author is ever permitted to modify it,That the code is placed entirely into the public domain with no license,That derivative works must also be licensed under the same open-source terms,That the code can never legally be shared with anyone else,That any commercial use of the software is strictly forbidden,c,"Copyleft licenses like the GNU GPL use copyright to require that redistributed modified versions remain under the same open terms, so downstream users retain the same freedoms, preventing the code from being made proprietary.",https://www.gnu.org/licenses/copyleft.en.html,checked,
OSS-013,Beginner,Research Software,licensing; open-source-software,What does the Open Source Initiative (OSI) do?,Directly sells commercial licenses for open-source software packages,Maintains the Open Source Definition and reviews/approves licenses that meet it,Provides free hosting for every piece of open-source code that exists,Publishes a formal ranking of software based on total download counts,Handles the technical process of assigning DOIs to software releases,b,"The OSI stewards the Open Source Definition and runs a public license-review process (via its License Committee and Board), approving licenses that comply",https://opensource.org/licenses/review-process,checked,
OSS-014,Beginner,Research Software,software-development; computational-reproducibility,What is 'semantic versioning' (SemVer) of software?,A convention in which each software version is simply named after a color,A metric that simply counts the number of times software has been downloaded,A convention in which a separate DOI is minted for every single version,"A convention using MAJOR.MINOR.PATCH numbers to signal breaking, compatible, and bug-fix changes",A process that automatically encrypts every new software release,d,"Semantic versioning communicates the nature of changes through a MAJOR.MINOR.PATCH scheme: MAJOR for incompatible changes, MINOR for backward-compatible additions, and PATCH for backward-compatible fixes, helping users judge upgrade impact.",https://semver.org/,checked,
OSS-015,Beginner,Research Software,software-development; computational-reproducibility,Why is Git (with platforms like GitHub or GitLab) valuable for reproducible and collaborative research software?,It automatically compiles source code to the latest version,"A version-control system tracking every change, supporting collaboration",It is a platform used specifically for producing formal researcher rankings,It is a system used for calculating research software impact factors,"It functions only as a place to host research datasets, not code",b,"Git records a complete, attributable history of changes and enables parallel work through branches and merges; hosting platforms add collaboration features (issues, pull requests), making code transparent, reusable, and easier to develop collaboratively.",https://book.the-turing-way.org/reproducible-research/vcs/,checked,
OSS-016,Beginner,Research Software,open-source-software; software-development; authorship-credit,What is the purpose of a CONTRIBUTING file in an open-source repository?,To handle the technical process of assigning DOIs to the project,To simply state which open-source license the project uses,To explain how people can contribute to the project,To keep a running numerical count of the project's total contributors,To provide long-term storage for the project's underlying data,c,"A CONTRIBUTING file guides prospective contributors on the project's expectations and processes (issue reporting, pull requests, style, tests), lowering the barrier to participation and improving contribution quality.",https://opensource.guide/how-to-contribute/,checked,
OSS-017,Beginner,Research Software,open-source-software; software-development; computational-reproducibility,What does 'FAIR for Research Software' (FAIR4RS) adapt the FAIR principles to address?,It works by making research software's source code entirely secret,"It applies to computing hardware, not to software itself","Making research software Findable, Accessible, Interoperable, and Reusable",It focuses mainly on producing benchmarking that compare different software,It applies primarily to spreadsheet-based software tools,c,"FAIR4RS tailors the FAIR principles to research software, recognizing that software differs from data (it is executable, versioned, and dependency-bound) and needs practices like citation, versioning, and clear licensing to be findable, accessible, interoperable, and reusable.",https://zenodo.org/records/6623556,checked,
OSS-018,Beginner,Research Software,software-citation; software-sustainability; preservation,What is Software Heritage?,A nonprofit archive that collects and preserves the source code of software,A specific citation metric used to measure a piece of software's overall impact,"A specific type of open-source software license, similar to the MIT license",A general-purpose programming language used for writing new software,A commercial platform that hosts and sells access to private code,a,"Software Heritage crawls and preserves publicly available source code at massive scale, creating a long-term archive with intrinsic identifiers (SWHIDs), so software - a key research and cultural artifact - is not lost.",https://www.softwareheritage.org/mission/,checked,
OSS-019,Beginner,Research Software,software-sustainability; responsible-assessment; authorship-credit,Who are 'Research Software Engineers' (RSEs)?,Individuals who serve as formal peer reviewers for academic journals,Staff members responsible for managing institutional data repositories,Editors responsible for overseeing the content of academic journals,Professionals combining software engineering with research,Unpaid volunteers with no formal degree in software engineering,d,"RSEs are people who apply professional software-development skills to research, building, maintaining, and sustaining research software; a growing movement and dedicated societies advocate for recognizing this role and career path.",https://society-rse.org/about/,checked,
OSS-020,Beginner,Research Software,licensing; open-source-software,"According to choosealicense.com, which license is the simplest option for someone who just wants to give people freedom to use and reuse their code?",The MIT License,The GNU GPLv3,The Apache License 2.0,The Creative Commons BY-NC License,The Mozilla Public License (MPL),a,"On choosealicense.com's homepage, the MIT License is featured as the simple, permissive option, contrasted with Apache 2.0 (for those concerned about patents) and GNU GPLv3 (for those who want derivative works to remain open)",https://choosealicense.com/,checked,
OSS-021,Beginner,Research Software,software-citation; software-development; computational-reproducibility,What is the practical purpose of archiving a software release in Zenodo (linked from GitHub)?,To produce a formal ranking that compares different software projects,To keep a running numerical count of the repository's total stars,To automatically execute and run the archived software for the user,"To create a preserved, version-specific snapshot with a DOI","To convert the software into a closed, proprietary commercial product",d,"When you create a new release on GitHub, Zenodo automatically archives it and issues a DOI, producing a citable, preserved, version-pinned snapshot; unlike a GitHub link (which can change or vanish), this supports reproducibility and durable citation.",https://tu-delft-dcc.github.io/docs/software/releases_archiving/archiving.html,checked,
OSS-022,Beginner,Research Software,licensing; open-source-software,What is the difference between 'free/open-source' software and 'source-available' software?,"Open-source grants the OSD freedoms: use, study, modify, redistribute",The two terms are simply interchangeable ways of describing the same thing,Source-available software tends to offer users more freedoms than open source,Open-source software is typically released without its underlying code,Source-available licensing works the same way copyright-free work does,a,"You can read 'source-available' code, but its license may forbid certain uses (e.g., commercial use or redistribution), so it does not meet the Open Source Definition, unlike genuinely open-source software which guarantees those freedoms.",https://opensource.org/osd,checked,
OSS-023,Intermediate,Research Software,licensing; open-source-software,What key feature distinguishes the Apache License 2.0 from the MIT License?,"The two licenses are, in every practical respect, completely identical",Apache 2.0 forbids commercial use of the software,"MIT is a copyleft license, whereas Apache 2.0 is a permissive one","Apache 2.0 adds an explicit patent grant, which the shorter MIT license lacks",Apache 2.0 requires that any derivative works also be released as open source,d,"Both are permissive, but Apache-2.0 includes an express patent license from contributors (terminated if you sue over patents) and a requirement to note modifications, giving more explicit patent protection than the terse MIT license.",https://choosealicense.com/licenses/apache-2.0/,checked,
OSS-024,Intermediate,Research Software,licensing; open-source-software,What does the AGPL (GNU Affero GPL) add relative to the standard GPL?,It removes the copyleft obligations found in the standard GPL,It forbids the software from being used over a network ,It extends copyleft to cover software provided over a network,It converts the standard GPL into a fully permissive software license,It restricts the license so that it applies only to computing hardware,c,"The AGPL closes the 'ASP/SaaS loophole' in the GPL: if you run modified AGPL-licensed software as a network service, you must make the corresponding source available to users of that service, not just to those you distribute binaries to.",https://choosealicense.com/licenses/agpl-3.0/,checked,
OSS-025,Intermediate,Research Software,licensing; open-source-software,"Why can mixing code under incompatible licenses (e.g., combining certain copyleft and permissive-licensed code) create legal problems?",Because code released under different licenses cannot legally be combined ,"Because every existing software license is, in fact, always fully compatible",Because combining code under different licenses tends to slow down its execution,Because a strong copyleft license may require the whole combined work to follow its terms,Because combining licensed code in this way requires the project to obtain a DOI,d,"License compatibility matters: a strong copyleft license (like GPL) can 'reach' the combined work and impose its terms, which may clash with obligations of another license, so not all licensed code can be freely combined and redistributed together.",https://www.gnu.org/licenses/license-compatibility.en.html,checked,
OSS-026,Intermediate,Research Software,open-source-software; software-sustainability; peer-review,What is the role of rOpenSci's (and pyOpenSci's) software peer review?,It produces a formal ranking of research software based on citation counts,It handles the technical process of assigning DOIs to software packages,"Community-run, open peer review of research software packages",It functions primarily as a marketplace for selling research software,It functions primarily as a service for detecting plagiarism in code,c,"rOpenSci (for R) and [pyOpenSci](https://www.pyopensci.org/software-peer-review/index.html) (for Python) operate transparent, community peer-review processes for scientific software packages, evaluating aspects like functionality, documentation, testing, and maintainability, thereby improving and vouching for reusable research software.",https://ropensci.org/software-review/,checked,
OSS-027,Intermediate,Research Software,open-source-software; software-sustainability; peer-review,"How does JOSS's review differ from package-review programs like rOpenSci and pyOpenSci, while sharing their ethos?",JOSS relies mainly on the editor's judgment rather than any structured review,"JOSS reviews are conducted openly, but they generally prioritize closed-source code over open submissions",JOSS is a journal publishing a short citable paper after open GitHub-based review,JOSS is notable mainly for charging authors unusually high publication fees compared with other journals,"JOSS's review process, in practice, mostly sets the software aside and focuses on the accompanying prose",c,"JOSS shares the open, software-focused review ethos but is a diamond-OA journal producing a citable paper for accepted software, whereas rOpenSci/pyOpenSci focus on reviewing and endorsing packages",https://www.pyopensci.org/software-peer-review/partners/joss.html,checked,
OSS-028,Intermediate,Research Software,software-development; computational-reproducibility; preservation,Why is pinning dependency versions important when distributing research software for reuse?,Pinning exact dependency versions is mainly a way to shorten the codebase,Pinning exact dependency versions helps produce a formal ranking of the software,Pinning exact dependency versions is a formal requirement for assigning a license,Pinning exact dependency versions matters because software behavior can change across versions,Pinning exact dependency versions works by encrypting the listed dependencies,d,"Unpinned dependencies may resolve to newer, behavior-changing versions, breaking reproducibility; pinning (or otherwise recording exact versions, e.g., in a lockfile or environment file) lets others recreate a working, result-consistent environment.",https://book.the-turing-way.org/reproducible-research/renv/renv-options,checked,
OSS-029,Intermediate,Research Software,licensing; open-source-software; software-development,What is a Contributor License Agreement (CLA) and why do some projects use one?,It is simply a standard license agreement intended for the software's end users,An agreement where contributors grant the project rights to their contributions,It functions as a formal ranking system that orders a project's contributors,It is essentially a machine-readable file used for citing the software,It is essentially a formal code of conduct governing contributor behavior,b,"A CLA sets out the IP terms under which contributions are made - often granting the maintaining entity a license (or copyright assignment) to the contributed code - which can be important for legal clarity, relicensing, or defending the project.",https://opensource.guide/legal/,checked,
OSS-030,Intermediate,Research Software,licensing; open-source-software; software-development,"What does an SPDX license identifier (e.g., 'MIT', 'Apache-2.0', 'GPL-3.0-or-later') provide?",A unique DOI assigned specifically to that particular software license,A running counter that tracks how many times the software has been downloaded,A simple version number indicating the software's current release,"A standardized, machine-readable short code for a specific license",A star rating reflecting how popular the software has become,d,"SPDX identifiers are standardized short strings that unambiguously denote particular licenses, enabling automated license detection, compliance checking, and clear metadata in repositories and package manifests.",https://spdx.org/licenses/,checked,
OSS-031,Intermediate,Research Software,software-citation; open-source-software; software-development,"Why do funders and journals increasingly ask that research software be openly licensed and deposited, not just 'available on request'?",Doing so is believed to directly increase the overall sales of the software,Doing so is thought to make the software harder for others to properly cite,Doing so is mainly a way to produce a formal ranking of the software,Doing so is intended mainly to keep the study's underlying methods obscure,Because open licensing and deposit make the software reproducible and citable,e,"Open licensing plus archiving ensures the exact software can be found, legally reused, cited, and preserved long-term, supporting reproducibility",https://zenodo.org/record/1327310,checked,
OSS-032,Beginner,Research Software,open-source-software; software-sustainability,What does the Software Sustainability Institute (SSI) promote?,"The direct sale of proprietary, closed-source commercial software",The centralized hosting of literally all existing research code,An annual ranking that compares different programming languages,The technical process of assigning DOIs to software packages,Better research software practice and sustainability,e,"The SSI works to improve the quality, sustainability, and recognition of research software via training, community building, policy advocacy, and its fellowship programme, encapsulated by 'better software, better research'.",https://www.software.ac.uk/about,checked,
OSS-033,Intermediate,Research Software,licensing; open-source-software,"What is the difference between 'open source' and 'public domain' (e.g., via the Unlicense or CC0) for software?",The two concepts serve the same legal function and can be used interchangeably,Public-domain dedication is understood to impose considerably more conditions than open source,Public-domain dedication is understood to require the same attribution conditions as open source,Open-source licensing works specifically by waiving the software's copyright entirely,Open-source code is copyrighted and licensed under terms (which may require attribution or copyleft),e,"Open-source licenses operate through copyright, attaching conditions (at minimum attribution, sometimes copyleft)",https://opensource.org/faq#public-domain,checked,
OSS-034,Expert,Research Software,licensing; open-source-software,Why is the 'viral' or reciprocal nature of strong copyleft (GPL) a deliberate design choice rather than a flaw?,"It guarantees the software and its descendants remain free, preventing enclosure",This design choice mainly discourages any commercial use of the software,"This behavior is, in fact, simply an accidental bug in how the license was written",This design choice has the effect of placing the code into the public domain,This particular design choice only ever affects a project's accompanying documentation,a,"Strong copyleft's reciprocity is purposeful: by using copyright to require downstream distributed derivatives to remain open, the GPL ensures the freedoms it grants cannot be stripped away by others, protecting user freedom across the software's lineage.",https://www.gnu.org/licenses/copyleft.en.html,checked,
OSS-035,Intermediate,Research Software,software-citation; open-source-software; software-sustainability,How does treating research software as a 'first-class research output' change practices around credit and assessment?,"It mainly affects how software is licensed, not how it's cited",It mainly encourages replacing traditional papers with software repositories,"It mainly applies to software used internally, not software that's shared publicly","It supports citing software with persistent identifiers, valuing it beyond just papers",Recognizing software in this way is understood to matter only for physical hardware,d,"Recognizing software as a legitimate scholarly output means it should be cited (via DOIs/CITATION.cff), credited to its creators, and valued in evaluation, acknowledging the RSE labor of building and sustaining software, aligning with responsible-assessment reforms.",https://force11.org/info/software-citation-principles-published-2016/,checked,
OSS-036,Expert,Research Software,software-citation; software-development; computational-reproducibility,"Why is preserving source code (e.g., in Software Heritage with intrinsic identifiers/SWHIDs) important beyond archiving a release DOI in Zenodo?",The main benefit of this kind of large-scale preservation is that it helps sell the underlying code commercially,Preserving source code in this particular distributed way is not actually considered an important priority,The main purpose of this kind of large-scale preservation is to produce a formal ranking of research software,Software Heritage archives code with intrinsic identifiers referencing exact artifacts,This kind of source-code preservation is intended mainly to replace the ongoing need for version control,d,"SWHIDs are intrinsic, content-based identifiers that point to precise code objects regardless of hosting platform, giving durable, verifiable references and large-scale preservation; this complements Zenodo release DOIs, which cite curated releases with descriptive metadata.",https://www.softwareheritage.org/2020/07/09/intrinsic-vs-extrinsic-identifiers/,checked,
OSS-037,Expert,Research Software,open-source-software; software-development; software-sustainability,"What sustainability problem is common to widely used research software, and what approaches address it?",This problem is best addressed mainly by restricting access to the software's source code,Software that is widely used in research generally gets easier to maintain over time,This is primarily a technical problem that is solvable through writing better code alone,This problem is best addressed by having the original developer maintain it indefinitely alone,"Critical software is often maintained by a few (or one) unfunded people, risking abandonment",e,"Much research depends on software sustained by tiny, precariously funded teams, creating 'bus factor' and abandonment risks",https://www.software.ac.uk/programmes/research-software-maintenance-fund,checked,
OSS-038,Expert,Research Software,open-source-software; software-sustainability; peer-review,"How does open peer review of software (JOSS, rOpenSci) address a gap left by traditional journal review?",Traditional article review rarely installs and runs the underlying code,Open peer review of software works mainly by evaluating only the manuscript's abstract,Traditional journal peer review already routinely installs and runs the submitted software,Open review of this kind is understood to mainly evaluate the writing style of a project's documentation,"This particular form of software review is typically conducted through private, invitation-only channels",a,"Conventional peer review seldom executes or scrutinizes the software behind a paper; open, software-specific review programs test installation, functionality, documentation, and reusability, verifying the software artifact itself rather than only its textual description.",https://joss.theoj.org/about,checked,
OSS-039,Expert,Research Software,licensing; open-source-software,Why might choosing a permissive vs a copyleft license reflect different goals for a research software project?,Permissive licenses maximize adoption and integration (including into proprietary tools),"The choice between the two mainly affects how the license text is worded, not how the software can be used",The choice between a permissive and a copyleft license is mostly a matter of personal writing style,"Permissive licenses, unlike copyleft ones, are understood to require that derivatives stay open",Copyleft licenses are understood to explicitly forbid any academic or research use,a,"A permissive license (MIT/Apache) invites the widest possible reuse, even in closed products, favoring adoption; a copyleft license (GPL) ensures derivatives stay open, favoring sustained openness - so the decision encodes the project's priorities about reach versus reciprocity.",https://choosealicense.com/,checked,
OSS-040,Expert,Research Software,software-citation; persistent-identifiers; responsible-assessment,Why is citing only the paper associated with a piece of software (rather than the software itself) an insufficient scholarly practice?,"The paper describes the software at a point in time, but the exact version used may differ or become unclear",This practice is understood to be a more legally rigorous form of citation than citing the software directly,"This practice is preferred because papers, unlike software, are always assigned a DOI",This practice is discouraged mainly because it takes up more space in the reference list,This practice is understood to be functionally identical to citing the software directly,a,"Software keeps changing after a paper is published, so citing only the paper leaves readers unable to determine which exact version was used",https://www.software.ac.uk/publication/how-cite-and-describe-software,checked,
OSS-041,Expert,Research Software,software-citation; software-sustainability; persistent-identifiers,"Why is software citation still an unevenly adopted practice despite the FORCE11 Software Citation Principles, and what does full adoption require?",This unevenness is generally attributed to citation being fully and universally adopted already,This unevenness is generally attributed to the belief that research software simply has no identifiable individual authors,This unevenness is generally attributed to the mistaken and widespread belief that citing software is technically illegal,"This unevenness is generally attributed to citation norms, indexing, and credit systems that historically centered on articles",This unevenness is generally attributed to existing citation-metric systems already counting software the same as papers,d,"Although the principles articulate that software should be cited, realizing this needs coordinated infrastructure and cultural change, metadata standards, archived identifiers, reference styles, indexing of software citations, and recognition in evaluation, so uneven adoption reflects an incomplete ecosystem rather than mere reluctance.",https://arxiv.org/pdf/1601.04734,checked,
OSS-042,Expert,Research Software,software-sustainability; responsible-assessment; authorship-credit,How does the professionalization of Research Software Engineering (RSE) intersect with research assessment reform?,The professionalization of this role is understood to have no real connection to assessment reform,Recognizing RSEs requires valuing software work as legitimate scholarly contribution,"This professionalization movement is intended, in effect, to fully replace researchers with engineers",This intersection is understood to require ranking software by citation counts more heavily than before,This professionalization movement is understood to concern only researchers' salary levels,b,"The RSE movement and assessment reform reinforce each other: sustaining research software depends on careers and evaluation that credit software work, which requires the broader, contribution-diverse recognition that DORA and CoARA advocate rather than paper- and grant-centric metrics.",https://www.coara.org/agreement/the-commitments/,checked,
OSS-043,Expert,Research Software,open-source-software; software-development; software-sustainability,"Why can 'open source' and 'open to contribution/governance' be distinct, and why does the distinction matter for sustainability?",The two concepts are generally understood to be interchangeable ways of describing the same licensing terms,Being licensed as open source is understood to automatically and reliably guarantee full community control over decisions,Neither concept is understood to meaningfully affect who controls a project's roadmap or direction,Adopting an open governance model is understood to explicitly and formally forbid any kind of software licensing,Software can be open source (licensed for reuse) yet developed behind closed doors by a single entity with no community governance,e,"An open license permits reuse but says nothing about who steers development; a project controlled by one actor can still be abandoned or redirected, whereas open, community-based development and governance (and the ability to fork) provide resilience - echoing POSI-style concerns for infrastructure.",https://openscholarlyinfrastructure.org/,checked,
OSS-044,Expert,Research Software,software-citation; software-development; software-sustainability,"How does long-term executability of research software pose a challenge distinct from preserving its source code, and how is it approached?","Even preserved source may no longer build or run as compilers, dependencies, and operating systems change",Preserving a piece of software's source code means it no longer needs active maintenance,Preserving source code is what actually keeps the software running over time,The concept of long-term executability is considered to be entirely unrelated to preservation efforts generally,This kind of problem is best addressed by simply archiving more copies of the source code,a,"Archiving source is necessary but not sufficient for reproducibility: software can become unbuildable or unrunnable as its ecosystem evolves ('software collapse'), so strategies like containers, emulation, and environment capture help preserve executability, yet none fully solves indefinite runnability.",https://www.softwareheritage.org/2025/12/18/software-rot-saving-sciences-digital-legacy/,checked,
OSS-045,Intermediate,Research Software,licensing; open-source-software,"Why does Creative Commons recommend against using its licenses (e.g., CC BY) for software?",CC licenses lack source-code distribution terms and are incompatible with major software licenses,Creative Commons licenses are legally invalid and cannot be enforced in court,"CC licenses automatically expire after a fixed number of years, unlike software licenses","Software cannot be copyrighted, so no license of any kind can apply to it",CC licenses require the software's source code to remain permanently secret,a,"Creative Commons recommends against using its licenses for software because, unlike dedicated software licenses (e.g., MIT, GPL), CC licenses don't address source-code distribution or patent rights, and are largely incompatible with major software licenses, making it hard to integrate CC-licensed code with other open-source projects.",https://creativecommons.org/faq/#can-i-apply-a-creative-commons-license-to-software,checked,
OSS-046,Intermediate,Research Software,licensing; open-source-software,What is the practical difference between a permissive (MIT) and a copyleft (GPL) license for someone reusing the code in a commercial product?,The MIT license explicitly forbids commercial use of the licensed software,"There is, in fact, no meaningful practical difference between the two license types",MIT allows incorporation into closed/commercial software with minimal conditions,The GPL license permits a company to freely close off the source code afterward,Both of these particular license types strictly prevent commercial use,c,"With MIT, a company can reuse the code in a proprietary product by preserving the notice; with GPL, redistributing a derivative obligates them to license it under GPL-compatible open terms, which can be incompatible with keeping it closed.",https://choosealicense.com/licenses/mit/,checked,
OSS-047,Beginner,Research Software,software-development,"In Git, what is a 'branch' used for?",It permanently deletes the project's earlier commit history,It automatically publishes the project to a public package registry,It creates a separate line of work so changes don't affect the main version,It converts the entire repository into a compressed backup file,It assigns a formal citation and DOI to the current project version,c,A branch lets you develop or test changes in parallel without touching the main branch,https://book.the-turing-way.org/reproducible-research/vcs/vcs-git-branches/,checked,
OSS-048,Intermediate,Research Software,software-citation; software-development; computational-reproducibility,"Why is archiving a tagged software release (e.g., in Zenodo) important for citing the software used in a study?",Because archiving the release is what actually runs the underlying analysis,Because archiving the release helps produce a formal ranking of the software,Because archiving the release removes the need to attach any kind of license,Because archiving the release has the effect of making the code fully proprietary,"Because it creates a preserved, version-specific snapshot with a DOI",e,"A Zenodo archive of a specific release yields a citable, preserved, version-pinned record with a DOI; a bare repository link is mutable and may change or vanish, undermining reproducibility and precise citation.",https://tu-delft-dcc.github.io/docs/software/releases_archiving/archiving.html,checked,
OSS-049,Expert,Research Software,software-citation; persistent-identifiers; authorship-credit,Why has citing a related paper (a 'proxy citation') historically been an unsatisfactory way to cite research software?,A proxy citation is generally believed to be an unethical or dishonest citation practice,"A proxy citation, unlike direct citation, always requires a separate paid license","It denies software its own standing as a research output, obscuring the specific version actually used",A proxy citation is a term that refers exclusively to citing unpublished preprints,A proxy citation is understood to make software impossible to archive in any repository,c,"Before dedicated citation formats existed, researchers cited a user manual, a related article, or a bare URL as a stand-in for the software itself",https://www.softwareheritage.org/2020/05/26/citing-software-with-style/,checked,
PID-001,Beginner,Persistent Identifiers & Metadata,persistent-identifiers,What does the acronym DOI stand for?,Data Object Interface,Digital Object Identifier,Document Origin Indicator,Directory Of Information,Digital Ownership Index,b,"A DOI is a Digital Object Identifier: a persistent identifier standardised as ISO 26324, used to identify digital, physical, or abstract objects such as journal articles and datasets.",https://www.doi.org/the-identifier/what-is-a-doi/,checked,
PID-002,Beginner,Persistent Identifiers & Metadata,persistent-identifiers; authorship-credit,What does ORCID stand for?,Official Registry of Contributor IDs,Open Researcher and Contributor ID,Open Registry of Cited Institutional Data,Organisational Research Contribution Index,Online Research Citation Identification,b,"ORCID stands for Open Researcher and Contributor ID; it provides a free, unique, persistent identifier that distinguishes one researcher from another.",https://info.orcid.org/what-is-orcid/,checked,
PID-003,Beginner,Persistent Identifiers & Metadata,persistent-identifiers,What kind of entity does a ROR identifier identify?,Datasets,Research organizations,Funding grants,Individual researchers,Journal articles,b,"ROR (Research Organization Registry) provides open persistent identifiers for research organizations, helping disambiguate institution names in scholarly metadata.",https://ror.org/about/,checked,
PID-004,Beginner,Persistent Identifiers & Metadata,persistent-identifiers,Which of these is an example of a correctly formed DOI?,10.1000/182,ORCID:0000-0002-1825-0097,https://ror.org/02mhbdp94,ISBN 978-3-16-148410-0,doi://article/12345,a,"A DOI has a prefix beginning with '10.' and a suffix separated by a forward slash, e.g. 10.1000/182; it is made actionable as https://doi.org/10.1000/182",https://www.doi.org/the-identifier/what-is-a-doi/,checked,yes
PID-005,Intermediate,Persistent Identifiers & Metadata,persistent-identifiers,What does the doi.org resolver actually do when you click a DOI link?,It assigns a brand-new DOI to the object every time the link is clicked,It verifies the identity of the author before allowing the article to load,It calculates and updates the article's live citation count on each visit,"It stores a permanent, cached copy of the article on the doi.org server",It redirects the request to the resource's current web location,e,"The doi.org proxy uses Handle System technology to resolve the DOI and redirect the user to the current URL registered for that object, so links keep working when the underlying URL changes.",https://www.doi.org/the-identifier/what-is-a-doi/,checked,
PID-006,Intermediate,Persistent Identifiers & Metadata,persistent-identifiers; metadata; authorship-credit,"When a researcher connects their authenticated ORCID iD to a publisher's manuscript submission system, what typically happens as a result?","The publisher gains permanent, unrestricted access to every part of the researcher's ORCID record, with no way to revoke it","The submission system can pull data from the ORCID record to help populate the submission, and later push the published work back to the record",The researcher's ORCID iD is automatically replaced with a new one generated by the publisher for internal tracking,The manuscript is automatically peer-reviewed by other researchers who share the same ORCID iD prefix,The researcher must re-verify their identity with ORCID separately for every future submission to any journal,b,"Once permission is granted, the publisher can use the ORCID API to pull data (such as affiliations or prior works) to help populate the submission form, and on acceptance can push the published work back into the researcher's ORCID record and the article's metadata — creating a two-way, permissioned data flow rather than a one-time lookup.",https://info.orcid.org/documentation/workflows/integrating-orcid-into-your-journal-workflow/,checked,
PID-007,Intermediate,Persistent Identifiers & Metadata,persistent-identifiers; metadata,Which three organizations jointly operate the Research Organization Registry (ROR)?,"ORCID, ISNI, and GRID, three long-standing identifier registries","UNESCO, OECD, and the EU, three major international bodies","Crossref, DataCite, and the California Digital Library","Clarivate, Elsevier, and Springer Nature, three commercial publishers","arXiv, bioRxiv, and Zenodo, three well-known preprint and data repositories",c,"ROR is run as a collaborative initiative by the California Digital Library, Crossref, and DataCite, and its data is openly available under CC0.",https://ror.org/about/,checked,
PID-008,Expert,Persistent Identifiers & Metadata,persistent-identifiers,What is the technical relationship between the DOI system and the Handle System?,Handles can only be created by DOI registration agencies,DOIs replaced the Handle System entirely once the DOI standard was adopted,The DOI system uses Handle System technology for the resolution step,The Handle System is a commercial product owned by Crossref,They are completely unrelated identifier schemes with no shared infrastructure,c,"The DOI system relies on Handle System technology (from CNRI, administered via the DONA Foundation) for resolution; a DOI is effectively a Handle in the '10.' namespace with an added metadata and social layer.",https://www.doi.org/the-identifier/what-is-a-doi/,checked,
PID-009,Expert,Persistent Identifiers & Metadata,persistent-identifiers; metadata,What distinguishes ROR from earlier organization identifiers like GRID or ISNI in the scholarly context?,ROR only covers research organizations located within the United States,ROR is maintained and controlled by a commercial vendor,ROR is the only registry among the three that charges a subscription fee,ROR identifies individual researchers rather than organizations,ROR data is open under CC0 and focused on research affiliations,e,"ROR positions itself as the first openly available (CC0, open API and data dump) organization identifier focused specifically on affiliations in scholarly metadata, embedded as a default in Crossref, DataCite, and ORCID metadata.",https://ror.org/about/,checked,
PID-010,Expert,Persistent Identifiers & Metadata,persistent-identifiers; preservation,How does a PURL (Persistent Uniform Resource Locator) differ fundamentally from a DOI?,A PURL guarantees that its target content will never change or move,A PURL can only ever be used to point to research datasets,A PURL is essentially an HTTP redirection service with no metadata layer,A PURL is resolved through the same Handle System infrastructure as a DOI,PURLs can only be issued and registered exclusively by Crossref,c,"A PURL is a curated HTTP URL that redirects to a target (originally an OCLC service, as of 2016 transfer, is now run by the Internet Archive); unlike a DOI it does not use the Handle System and has no registration-agency metadata or governance layer.",https://en.wikipedia.org/wiki/Persistent_uniform_resource_locator,checked,
PID-011,Expert,Persistent Identifiers & Metadata,persistent-identifiers; metadata,"Following the 2021-2022 partnership with DataCite, how are IGSN IDs (for physical samples) now implemented technically?",As ARKs minted specifically by the California Digital Library,"As functionally DataCite DOIs, with metadata structured to the DataCite schema",As a wholly separate identifier system with its own independent resolver,As ORCID iDs that have been extended to cover physical objects,As Handle records that sit outside the DOI namespace entirely,b,"Since the IGSN e.V.-DataCite partnership, IGSN IDs for material samples are functionally DataCite DOIs whose metadata follows the DataCite Metadata Schema, giving samples the same infrastructure as other DataCite-registered objects.",https://datacite.org/blog/igsn-and-datacite-partnership/,checked,
PID-012,Beginner,Persistent Identifiers & Metadata,persistent-identifiers; preservation,Why do scholarly systems use persistent identifiers instead of relying on ordinary web addresses (URLs)?,"URLs load more slowly across the internet than persistent identifiers do, especially on slow connections","Ordinary URLs often break when websites are reorganized, but persistent identifiers do not",URLs are technically incapable of ever pointing to PDF files or other document formats online,Copyright law legally requires that persistent identifiers be used for all formally published academic work,A URL can only ever be opened and used by one single reader at any given moment in time,b,"Web addresses change when sites are redesigned or content moves ('link rot'). A persistent identifier is a stable name whose registered target URL can be updated behind the scenes, so citations and links keep working.",https://www.doi.org/the-identifier/what-is-a-doi/,checked,
PID-013,Beginner,Persistent Identifiers & Metadata,persistent-identifiers; metadata,What kinds of things are RRIDs (Research Resource Identifiers) used to identify?,"Key resources in biomedical literature (e.g. tools, databases)",Research funding agencies,Peer-reviewed journals,Research organizations and institutions,Individual journal articles,a,"RRIDs uniquely identify key research resources cited in the biomedical literature, such as antibodies, model organisms, and software tools, so studies can be reproduced and resources tracked across the literature.",https://www.rrids.org/,checked,
PID-014,Beginner,Persistent Identifiers & Metadata,persistent-identifiers,How does an individual researcher typically get a DOI assigned to one of their outputs?,By sending an email directly to the DOI Foundation and requesting one be issued,By depositing the output with a service that is a member of a DOI registration agency,By signing up for and paying an annual personal DOI subscription fee to Crossref,By registering the DOI themselves directly within the underlying Handle System,By simply filling in and submitting a free registration form directly on doi.org,b,"Individuals do not register DOIs directly. DOIs are registered by members of registration agencies - for example, depositing a dataset in Zenodo gets it a DataCite DOI, and publishing with a Crossref member journal gets the article a Crossref DOI.",https://www.doi.org/the-community/existing-registration-agencies/,checked,
PID-015,Beginner,Persistent Identifiers & Metadata,persistent-identifiers; authorship-credit,What does an ORCID iD look like?,"A username the researcher freely chooses for themselves, similar to @jsmith on social media","A 16-character displayed in four groups of four, expressed as a URL",An email address that is automatically generated and always ends in @orcid.org,A barcode image that is printed on the researcher's institutional ID card,A fixed 10-character alphanumeric code that always begins with the letters 'OR',b,"An ORCID iD is a 16-character identifier displayed in four groups of four digits (the last character may be an X), expressed as a URL, e.g. https://orcid.org/0000-0002-1825-0097.",https://support.orcid.org/hc/en-us/articles/360006897674,checked,
PID-016,Beginner,Persistent Identifiers & Metadata,persistent-identifiers; authorship-credit,What does it cost an individual researcher to register and use an ORCID iD?,A one-time registration fee charged when the account is first created,An annual subscription fee billed directly to the researcher,A small fee charged per publication linked to the ORCID record,It is free only for researchers based in low-income countries,Nothing - registration and use are free for individuals,e,"ORCID iDs are free for individual researchers to register and use. ORCID is sustained by fees from member organizations (universities, publishers, funders) that integrate with the registry.",https://info.orcid.org/what-is-orcid/,checked,
PID-017,Beginner,Persistent Identifiers & Metadata,persistent-identifiers; preservation,"Conceptually, what is the key difference between a DOI and a URL?",There is no real difference; the two terms are simply used interchangeably,A DOI only works when accessed from within a university library,A URL is inherently more permanent and stable over time than a DOI,A DOI contains the full text of the article embedded inside it,"A DOI is a persistent name for the object itself, unlike a URL",e,"A DOI identifies the object (an article, dataset, etc.) independently of where it is hosted; resolution maps that name to the current location. A URL identifies a location, which can change or disappear.",https://www.doi.org/the-identifier/what-is-a-doi/,checked,
PID-018,Beginner,Persistent Identifiers & Metadata,persistent-identifiers; metadata,What does an ISSN identify?,An individual edition of a specific printed book,A single article published within a journal,An individual human researcher working in a field,A serial publication such as a journal or magazine,A single research dataset deposited in a repository,d,"The ISSN (International Standard Serial Number) identifies serial publications - journals, magazines, newspapers - as ongoing titles; print and electronic versions of the same journal get separate ISSNs.",https://www.issn.org/understanding-the-issn/what-is-an-issn/,checked,
PID-019,Beginner,Persistent Identifiers & Metadata,persistent-identifiers,"When you deposit a dataset in the Zenodo repository, which persistent identifier is automatically created for it?","An ISSN, since Zenodo primarily indexes serial publications",A DOI (registered through DataCite),An ORCID iD identifying whoever made the deposit,An RRID for the specific resource that was deposited,"An ISBN, since Zenodo treats deposits like books",b,"Zenodo automatically registers a DataCite DOI for every deposit, making the dataset citable and persistently findable.",https://help.zenodo.org/docs/deposit/about-records/,checked,
PID-020,Beginner,Persistent Identifiers & Metadata,persistent-identifiers; metadata; authorship-credit,Who decides what information on an ORCID record is publicly visible?,The researcher's current academic employer or institution,The researcher's national government or funding ministry,The publisher of the researcher's most recent article,ORCID staff members who review each record individually,The researcher who owns the record,e,"ORCID records are controlled by the individual researcher, who can set each item's visibility to 'everyone', 'trusted parties', or 'only me'.",https://support.orcid.org/hc/en-us/articles/360006897614,checked,
PID-021,Beginner,Persistent Identifiers & Metadata,persistent-identifiers,Which statement about what DOIs can be assigned to is accurate?,DOIs are reserved for peer-reviewed journal articles only,DOIs can only ever be assigned to purely digital-born content,DOIs are only available for outputs published less than ten years ago,DOIs are assigned only to works written in the English language,"DOIs are assigned to many output types, not just journal articles",e,"The DOI system identifies objects of any type - journal articles, books and chapters, datasets, software releases, preprints, reports, and even physical or abstract objects.",https://www.doi.org/the-identifier/what-is-a-doi/,checked,
PID-022,Beginner,Persistent Identifiers & Metadata,persistent-identifiers,"In the DOI '10.5281/zenodo.123456', what does the '10.5281' part represent?",The exact year in which the DOI was first registered,The total number of times the object has been cited elsewhere,The prefix identifying the registrant,A checksum digit used purely for error detection purposes,The object's total file size measured in megabytes,c,"Every DOI has a prefix (starting '10.') that is assigned to a registrant by a registration agency, and a suffix chosen by the registrant; 10.5281 is the prefix used by Zenodo.",https://en.wikipedia.org/wiki/Digital_object_identifier,checked,
PID-023,Beginner,Persistent Identifiers & Metadata,persistent-identifiers; preservation,What does it mean for an identifier to be 'resolvable'?,It can be shortened into a compact link for easier sharing,It automatically expires and must be renewed on a regular basis,Entering it in a web browser leads you to the object it identifies,It can be automatically translated into a variety of other languages,It is simultaneously stored and duplicated across multiple databases,c,A resolvable identifier can be turned into an actionable link - e.g. https://doi.org/10.1000/182 or https://ror.org/02mhbdp94 - that takes you to the identified object or a page describing it.,https://library.noaa.gov/PIDs/DOI,checked,
PID-024,Beginner,Persistent Identifiers & Metadata,persistent-identifiers,What does a ROR identifier look like?,"ROR:1234-5678-9012, formatted like a credit card number","An email-style address, such as smu@ror.org, unique to the institution",A 16-digit number displayed in four separate blocks,https://ror.org/ followed by a 9-character string,ror.org/ followed directly by the institution's full official name,d,"A ROR ID is a URL of the form https://ror.org/ plus a unique 9-character alphanumeric string, e.g. https://ror.org/02mhbdp94; the string is opaque and deliberately does not encode the organization's name.",https://ror.org/about/faqs/,checked,
PID-025,Beginner,Persistent Identifiers & Metadata,persistent-identifiers; metadata; authorship-credit,Why do many journals ask authors to provide an ORCID iD during manuscript submission?,To verify and confirm that the author has already paid the manuscript submission fee,To reliably link the publication to the correct person even when names are shared or change,To confirm the author's institutional affiliation is prestigious enough,To let editors quickly check the author's citation count before assigning peer reviewers,Because providing an ORCID iD is a legal requirement for authors in most countries,b,"Names are ambiguous: many researchers share names, and names change. Publishers use ORCID iDs to clearly link authors and reviewers—and all their name variants—with their research work, embedding validated iDs into publication metadata and pushing verified data to the researcher's ORCID record automatically.",https://info.orcid.org/documentation/workflows/integrating-orcid-into-your-journal-workflow/,checked,
PID-026,Intermediate,Persistent Identifiers & Metadata,persistent-identifiers,What is the difference between a Crossref DOI and a DataCite DOI?,"DataCite DOIs are functionally different from Crossref DOIs and, as a result, cannot be used for citation within journal articles","Crossref DOIs are provided completely free of charge, while resolving a DataCite DOI requires an ongoing paid subscription","The two agencies operate entirely separate resolution systems, so a DataCite DOI and a Crossref DOI are technically incompatible",Both are standard DOIs; the difference is the registration agency and the community each primarily serves,"Crossref DOIs are permanent and never expire, whereas DataCite DOIs are valid for a fixed number of years before lapsing",d,"Crossref and DataCite are both DOI registration agencies; a DOI from either resolves identically through the DOI system. They differ in the communities served and the metadata schema used - Crossref centers on published literature, DataCite on datasets, software, and similar outputs.",https://www.doi.org/the-community/existing-registration-agencies/,checked,
PID-027,Intermediate,Persistent Identifiers & Metadata,persistent-identifiers; metadata; authorship-credit,What is the main purpose of ORCID's 'trusted party' permissions?,To let ORCID sell a researcher's personal data directly to academic publishers for profit,To verify the researcher's passport identity before allowing them to create an account,To make the researcher's entire ORCID record permanently public with no privacy controls,To transfer full ownership of the researcher's record to their employing institution,To allow an authorized organization to read from or write to the ORCID record automatically,e,"Researchers can grant trusted organizations (publishers, funders, universities) permission to add validated information to their record or read limited-visibility data, enabling automatic, authenticated updates rather than manual entry.",https://support.orcid.org/hc/en-us/articles/360006973893,checked,
PID-028,Intermediate,Persistent Identifiers & Metadata,persistent-identifiers; metadata,An institution wants to reliably link all of its researchers' outputs to the institution in metadata. Which identifier best supports this?,The institution's RRID,Each researcher's ORCID iD,A DOI for the institution's website,The institution's ISSN,The institution's ROR ID,e,"ROR IDs identify research organizations, so including the institution's ROR ID in the affiliation metadata of outputs enables reliable, machine-readable linking of outputs to that institution regardless of how its name is written.",https://ror.org/about/,checked,
PID-029,Intermediate,Persistent Identifiers & Metadata,persistent-identifiers; metadata,How is a physical sample given a persistent identifier under the current IGSN implementation?,Through a completely separate resolver system that has nothing to do with DOIs,"Through ORCID, which was extended in 2021 to also cover physical samples","As a DataCite DOI, following the IGSN's 2021 partnership with DataCite",As a Handle record that sits entirely outside the standard DOI namespace,"As a ROR ID, since ROR was expanded to include physical samples in 2021",c,"Since the 2021 IGSN e.V.-DataCite partnership, IGSN IDs for material samples are implemented as DataCite DOIs with sample-appropriate metadata, giving physical samples the same infrastructure as other DataCite outputs.",https://support.datacite.org/docs/igsn-ids,checked,
PID-030,Intermediate,Persistent Identifiers & Metadata,persistent-identifiers; metadata,"What problem does including a funder's identifier (e.g., via Crossref's Open Funder Registry / ROR funder records) in output metadata help solve?",It replaces the need for authors to write a funding acknowledgement in the text of their article,"It discloses the exact dollar amount awarded in each grant, similar to a public spending ledger",It enables funders and institutions to reliably track outputs arising from specific grants,It is the factor that determines exactly how much a journal will bill in processing charges,It automatically strips out and anonymizes the identities of every listed author,c,"Funder identifiers in metadata let funders and analysts link outputs back to specific funders and (with grant IDs) awards, supporting compliance monitoring and impact reporting without relying on inconsistent free-text funder names.",https://www.crossref.org/services/funder-registry/,checked,
PID-031,Intermediate,Persistent Identifiers & Metadata,persistent-identifiers; metadata,Why does the same print and online version of a journal usually have two different ISSNs?,Because ISSNs expire after a fixed number of years and must be formally renewed,Because each ISSN is meant to identify one single issue rather than the whole title,"Because the journal switched publishers, and each publisher assigns its own ISSN",Because one ISSN is intended for the authors and the other for the readers,Because separate ISSNs are assigned to different media versions of the same serial,e,ISSN rules assign distinct ISSNs to different media (print vs electronic) of the same title; a 'linking ISSN' groups these versions together for collocation.,https://www.issn.org/understanding-the-issn/assignment-rules/the-issn-for-electronic-media/,checked,
PID-032,Intermediate,Persistent Identifiers & Metadata,persistent-identifiers,What is a DOI 'suffix' and who assigns it?,A checksum digit that is calculated and assigned by the DOI Foundation,A short code automatically assigned by the reader's own web browser,"The article's citation count, which is appended to the DOI automatically",The registrant-chosen string after the prefix and slash,"The publication year, which Crossref inserts into the DOI automatically",d,"A DOI has a prefix (assigned by the registration agency) and a suffix chosen by the registrant; suffixes can be arbitrary opaque strings or follow a local scheme (e.g., zenodo.123456), as long as they are unique under that prefix.",https://en.wikipedia.org/wiki/Digital_object_identifier,checked,
PID-033,Intermediate,Persistent Identifiers & Metadata,persistent-identifiers,"Why is it recommended to display DOIs as full https URLs (e.g., https://doi.org/10.xxxx) rather than 'doi:10.xxxx'?",Because writing a DOI using the 'doi:' prefix is considered technically illegal,Because the 'doi:' form actually resolves to an entirely different object,Because using a full https URL is legally required to protect the work's copyright,Because the URL form is simply a few characters shorter to type out,Because the URL form is clickable/actionable and follows current DOI display guidelines,e,"Crossref, a major DOI registration agency, recommends displaying DOIs as full https://doi.org/ URLs rather than the 'doi:' form used in the official DOI Handbook, since the URL is directly clickable, and if copy-pasted, still resolves correctly. Most major citation styles (APA, MLA, Chicago) now follow this URL convention, though AMA style still uses the Handbook's 'doi:' format.",https://en.wikipedia.org/wiki/Digital_object_identifier#Display,checked,
PID-034,Intermediate,Persistent Identifiers & Metadata,persistent-identifiers; preservation,What kind of identifier is an ARK (Archival Resource Key)?,A standard used exclusively for identifying user accounts on social media platforms,A special type of ORCID iD reserved specifically for identifying institutions,A specific subtype of the ISSN reserved only for archival and museum materials,An identifier scheme that can only ever be issued directly by Crossref itself,"A persistent identifier scheme, often used by libraries and archives, with no DOI-style fee model",e,"ARKs are persistent identifiers used widely by memory institutions; any organization can become a Name Assigning Authority, and ARKs can identify digital, physical, or conceptual objects without the registration-agency fee structure of DOIs.",https://arks.org/about/,checked,
PID-035,Intermediate,Persistent Identifiers & Metadata,persistent-identifiers; metadata; authorship-credit,An author has published under several name variants over their career. How does an ORCID iD help readers and systems?,It provides a single stable identifier tying together all of the author's outputs,It forces every journal the author publishes with to use one fixed spelling,It automatically goes back and corrects the spelling in the author's old papers,It hides all of the author's earlier name variants from public view,It merges the author's record together with same-named colleagues' records,a,"The ORCID iD is a persistent identifier for the person, not the name. Since personal names aren't unique and can change (e.g., through marriage, transliteration, or inconsistent abbreviation), outputs published under different name variants can all be connected to the one iD, disambiguating the author across name changes and from other researchers with similar names.",https://en.wikipedia.org/wiki/ORCID,checked,
PID-036,Expert,Persistent Identifiers & Metadata,persistent-identifiers; metadata,What is RAiD (Research Activity Identifier) designed to identify?,"Individual researchers, in the same way that ORCID identifies people","Physical samples, in the same way that IGSN identifiers are used","Research projects or activities, connecting the people and outputs involved","Journal articles only, in the same way that a DOI identifies a single work",Funding currencies used specifically to track international grant amounts,c,"RAiD is an ISO standard (ISO 23527) persistent identifier for research projects/activities, acting as a connecting record that links the contributors, outputs, funders, and facilities associated with a project over time.",https://www.raid.org/,checked,
PID-037,Expert,Persistent Identifiers & Metadata,persistent-identifiers; metadata,What is the 'PID graph' concept in scholarly infrastructure?,A chart that ranks scholarly journals based on how many DOIs each one registered last year,A visualization tool that maps out all of the citations received by a single article,A graph that tracks how quickly DOI resolution has sped up or slowed down over time,"A proprietary analytics product that is developed, owned, and sold exclusively by Clarivate",The interconnected network formed when persistent identifiers are linked to each other via metadata,e,"The PID graph is the interconnected web created when PIDs (ORCID, DOI, ROR, grant IDs, etc.) reference one another in metadata, so machines can traverse relationships - e.g., from a person to their outputs to the funders and institutions involved.",https://www.project-freya.eu/en/about/mission,checked,
PID-038,Expert,Persistent Identifiers & Metadata,persistent-identifiers; metadata,"Under the Handle System that underpins DOIs, what is a 'naming authority' (prefix)?",The internet service provider through which a reader happens to be connected,A checksum value used solely to detect typing errors in the identifier,A licensing body that is operated and run directly by a national government,The portion of a handle that identifies the entity responsible for a set of identifiers,The authority responsible for calculating a journal's official impact factor,d,"In the Handle System, RFC 3650 defines a handle as consisting of a naming authority (prefix) and a unique local name (suffix) under that authority. The DOI system operates the '10' naming authority and delegates sub-prefixes to registrants, who manage their own local names (suffixes).",https://en.wikipedia.org/wiki/Handle_System,checked,
PID-039,Expert,Persistent Identifiers & Metadata,persistent-identifiers; metadata,What is the recommended practice when a preprint is later published as a peer-reviewed article?,The preprint's DOI is deactivated once the published version goes live,"The published version reuses the same DOI as the preprint, since they are the same underlying work","Each version keeps its own DOI, and the versions are linked through a relationship in the metadata",The preprint is removed from the record once the peer-reviewed version is formally published,The preprint and the published version are registered as entirely separate works with no formal connection between them,c,Different versions or manifestations are distinct objects and can each carry their own DOI; the relationship between them (such as a preprint being a version of the article) is captured in relation metadata so systems can link them.,https://www.crossref.org/documentation/research-nexus/posted-content-includes-preprints/,checked,
PID-040,Expert,Persistent Identifiers & Metadata,persistent-identifiers; preservation,Zenodo issues both a version-specific DOI and a 'concept DOI' for a record. What does the concept DOI do?,It always resolves to the latest version of the record,It is a special DOI that identifies the author rather than the deposit itself,It applies only to software deposits and is never issued for datasets,It automatically expires the moment a new version is uploaded,"It points to a single, randomly chosen version among all the versions",a,"Zenodo mints a concept DOI that represents the record across all its versions and resolves to the most recent version, alongside a distinct DOI for each specific version, letting citers reference either 'this exact version' or 'the record in general'.",https://support.zenodo.org/help/en-gb/1-upload-deposit/97-what-is-doi-versioning,checked,
PID-041,Expert,Persistent Identifiers & Metadata,persistent-identifiers; metadata; authorship-credit,"What distinguishes ISNI from ORCID, given both can identify people?","ISNI can only ever be used to identify researchers who are currently alive, and cannot be applied to anyone who has passed away","ISNI is technically incapable of identifying the authors of creative, scholarly, or artistic works of any kind","ISNI is a broad ISO standard covering many creative and scholarly domains, unlike the research-focused ORCID","The two registries are operated by exactly the same organization, share one combined database, and are functionally identical in every respect","ORCID has existed for considerably longer than ISNI, having been established first and later adopted much more widely",c,"ISNI (ISO 27729) identifies the public identities of contributors across books, music, film, and research, often assigned by agencies; ORCID targets the research community with researcher-controlled records and deep integration into scholarly workflows. ORCID iDs also exist within the ISNI number space by arrangement.",https://isni.org/page/what-is-isni/,checked,
PID-042,Expert,Persistent Identifiers & Metadata,persistent-identifiers; metadata,"Why is metadata quality, not just the existence of an identifier, considered critical for PIDs to deliver value?",Because metadata's main function is to satisfy funder compliance requirements,"Because metadata is mainly useful for archiving research after a project ends, not during active collaboration","Because PIDs alone, without any metadata, already create fully connected research graphs","Because rich, accurate, openly available metadata is what enables discovery, linking, and reuse of research output",Metadata is one of the important factors used by publishers to calculate a journal's impact and prestige,d,"A DOI alone only resolves to a location; the connective and analytic value - finding, citing, linking outputs to people, institutions, and funders - comes from complete, accurate, open metadata registered with the identifier.",https://www.niso.org/niso-io/2024/08/role-metadata-and-persistent-identifiers-pids-open-science,checked,
PID-043,Expert,Persistent Identifiers & Metadata,persistent-identifiers; metadata,"The DOI system's global resolution is administered by which body, and through what technical infrastructure?","Crossref, using its own internally built proprietary database system","ORCID, through calls made directly to its public researcher API","The DONA Foundation, which administers the Global Handle Registry","ICANN, through the same infrastructure that underpins the domain name system","UNESCO, through a dedicated international treaty-based registry",c,"The DOI system relies on the Handle System's Global Handle Registry, administered under the DONA Foundation (with multiple credentialed administrators), for the global resolution layer; Crossref and DataCite are registration agencies operating above it.",https://www.dona.net/handle-system,checked,
PID-044,Expert,Persistent Identifiers & Metadata,persistent-identifiers; metadata; authorship-credit,What is a key governance implication of ORCID iDs residing within the ISNI number range?,ORCID iDs are drawn from a reserved block of the ISNI namespace so the two schemes do not collide,It means ORCID and ISNI numbers can be used completely interchangeably across every system,It means ISNI has the technical ability to delete or modify records held by ORCID,It means researchers must pay a fee to ISNI in order to keep their ORCID iD active,It means every ORCID record is ultimately owned and controlled by ISNI's governing agency,a,"By arrangement, ORCID iDs occupy a reserved range within the ISNI space to guarantee non-collision, but ORCID governs its own registry and records remain under researcher control; the schemes are coordinated, not merged.",https://support.orcid.org/hc/en-us/articles/360006897674-Structure-of-the-ORCID-Identifier,checked,
PID-045,Expert,Persistent Identifiers & Metadata,persistent-identifiers; metadata; preservation,"From a preservation standpoint, why is a persistent identifier's promise sometimes described as a 'social' commitment rather than a purely technical guarantee?",Because persistence ultimately depends on organizations continuing to maintain the identifier's metadata and update its target,Because the underlying resolution technology itself is fundamentally unreliable and prone to frequent failure,Because which identifiers persist over time is effectively decided by popularity votes cast by users on social media,"Because persistent identifiers are, in practice, a tool used almost exclusively by social scientists and no one else",Because the persistence of every identifier is permanently guaranteed as a matter of binding international law,a,"PID systems provide the mechanism for stable references, but a DOI only keeps working if a responsible party keeps its target and metadata current; persistence is therefore contingent on ongoing organizational commitment and funding, not automatic.",https://www.doi.org/the-identifier/what-is-a-doi/,checked,
PID-046,Expert,Persistent Identifiers & Metadata,persistent-identifiers; metadata,What challenge does recording the provenance of metadata assertions address in trust-sensitive workflows?,Verifying that every assertion in a record has been checked and approved by ORCID staff before being added,Recording who asserted a given piece of metadata and by what authority,Automatically translating a piece of metadata into a wide range of other spoken languages,"Determining how frequently a record has been updated, regardless of who made the changes",Treating self-asserted data as automatically invalid unless confirmed by an institution,b,"Provenance metadata captures the source and authority of assertions - for instance, whether an affiliation was self-claimed or validated by the institution - which matters when systems make trust decisions such as auto-updating records or reporting compliance.",https://info.orcid.org/interpreting-the-trustworthiness-of-an-orcid-record/,checked,
PID-047,Intermediate,Persistent Identifiers & Metadata,persistent-identifiers; metadata; authorship-credit,What is a key benefit of embedding ORCID iDs in a manuscript's metadata at publication?,It artificially raises the impact factor of the journal that published the article,It noticeably shortens how long the entire peer-review process takes to complete,It lets the publication be automatically and reliably connected to the correct authors' ORCID records,It encrypts the full list of listed authors so it cannot be read by outsiders,"It causes the article to automatically be assigned an entirely new, second DOI",c,"When an author's ORCID iD travels in the publication metadata, systems can push the work to the right ORCID record and disambiguate authors with similar names, giving trustworthy, machine-readable attribution.",https://info.orcid.org/documentation/workflows/integrating-orcid-into-your-journal-workflow/,checked,
PID-048,Intermediate,Persistent Identifiers & Metadata,persistent-identifiers; metadata,"Why might a single research output legitimately carry identifiers from more than one scheme (e.g., a DOI and, for its authors, ORCID iDs, and for its affiliations, ROR IDs)?",Because the different identifier schemes are competing with each other to become dominant,Because funders specifically require that outputs carry exactly three separate identifiers,"Because different PID schemes identify different entity types (outputs, people, organizations)",Because carrying multiple identifiers effectively doubles the output's recorded citation count,Because at least one of the attached identifiers is always broken or non-functional,c,"PID schemes are complementary: a DOI names the output, ORCID iDs name the people, and ROR IDs name the organizations; using them together in metadata connects the output to its contributors and affiliations across the PID graph.",https://support.datacite.org/docs/making-and-using-connection-metadata,checked,
PID-049,Intermediate,Persistent Identifiers & Metadata,persistent-identifiers; metadata; licensing,What does it mean that ROR data is released under CC0 and via an open API?,ROR charges research organizations a fee whenever they request bulk access to its data,ROR data technically exists but cannot actually be downloaded in bulk by anyone at all,"Anyone can freely access, reuse, and integrate ROR organization identifiers and metadata without permission or fees",ROR data is restricted and made available only to paying member organizations,ROR sells exclusive access to its organizational data directly to commercial vendors,c,"Because ROR provides its data under a CC0 public-domain dedication with an open API and downloadable dumps, any system can incorporate ROR IDs without licensing barriers - a deliberate design choice enabling ecosystem-wide use.",https://ror.org/about/,checked,
PID-050,Beginner,Persistent Identifiers & Metadata,persistent-identifiers; preservation,"If a DOI link stops resolving to the right page, whose responsibility is it to fix the underlying target?",The individual reader who happened to click on the broken link,"No one; once a DOI link breaks, it can never be fixed again","The DOI Foundation, which automatically fixes every broken link itself",The search engine that originally indexed the now-broken page,"The organization that registered the DOI (e.g., the publisher or repository)",e,"DOIs stay reliable only because the publisher or repository that registered the DOI keeps the metadata updated when content moves; if they fail to do so, the DOI resolves to a dead link and becomes useless.",https://en.wikipedia.org/wiki/Digital_object_identifier,checked,
PID-051,Expert,Persistent Identifiers & Metadata,persistent-identifiers; preservation,Why is the assertion 'a DOI guarantees a document will always be available' technically inaccurate?,"Because DOIs are intentionally designed from the outset to be short-lived, temporary identifiers","Because a DOI guarantees a persistent, resolvable identifier and up-to-date link only if the registrant maintains it","Because every DOI is set, by design, to automatically expire after exactly ten years of use",Because the full text and content of the document is stored directly inside the DOI string itself,"Because DOI links can only ever be read, opened, and accessed by publishers themselves",b,"""A DOI ensures a stable, resolvable name that can be kept pointing to the current location, but preservation of the actual content is a separate concern handled by archiving. If the content is gone, the DOI can be updated to resolve to a page explaining what happened, rather than the identifier itself breaking.",https://www.doi.org/the-identifier/what-is-a-doi/,checked,
PID-052,Beginner,Persistent Identifiers & Metadata,persistent-identifiers; metadata,"Why do many funders now require or encourage the use of persistent identifiers (ORCID, DOIs, ROR) in funded outputs?",To make the resulting research outputs considerably harder to find,To artificially increase the total word count of published articles,To formally replace the traditional process of peer review,To deliberately place new restrictions on how research data can be shared,To enable reliable tracking of outputs back to grants and institutions,e,"Requiring PIDs lets funders and systems connect outputs to specific awards, researchers, and organizations in machine-readable ways, supporting accurate attribution, impact reporting, and monitoring of policy compliance.",https://www.coalition-s.org/technical-guidance_and_requirements/,checked,
PPR-001,Beginner,Preprints & Peer Review,preprints,What is a 'preprint'?,An official announcement released directly to news media outlets,A printed proof copy of an article sent back to its author,An article that has since been formally withdrawn by its journal,The complete printed edition of a physical academic journal,A manuscript shared publicly before formal peer review,e,"A preprint is a manuscript that authors post publicly (often on a preprint server) before, or in parallel with, submission to a peer-reviewed journal, enabling early sharing and feedback.",https://www.biorxiv.org/about-biorxiv,checked,
PPR-002,Beginner,Preprints & Peer Review,preprints,"arXiv, founded in 1991, is a preprint server that primarily serves which fields?","Fine arts disciplines such as painting, sculpture, and design","Physics, mathematics, computer science, and related quantitative fields","Clinical medicine, including internal medicine","Environmental and earth sciences, though it also accepts some physics submissions","Law and the humanities, excluding the quantitative sciences",b,"arXiv, started by Paul Ginsparg in 1991, hosts preprints in physics, mathematics, computer science, quantitative biology, statistics, and related quantitative disciplines.",https://info.arxiv.org/about/index.html,checked,
PPR-003,Beginner,Preprints & Peer Review,preprints; peer-review,Does posting a preprint on arXiv mean the paper has been peer reviewed?,"No, arXiv only accepts papers that a journal has already agreed to publish","No, arXiv moderates submissions for suitability but does not peer review them","Yes, but this is true only for submissions in the field of physics",Only if the submitting author pays an additional posting fee,"Yes, arXiv conducts full formal peer review of all single submission",b,"arXiv applies a moderation process to check that submissions are topical and of scholarly value, but it explicitly does not peer review them; peer review happens if and when the work is submitted to a journal.",https://info.arxiv.org/about/index.html,checked,
PPR-004,Beginner,Preprints & Peer Review,preprints,"Which laboratory launched bioRxiv in 2013, and what does the server host?",Cornell University; mathematics preprints,The Broad Institute; clinical trials,Cold Spring Harbor Lab; life sciences,CERN; physics data,EMBL; chemistry articles,c,"bioRxiv was launched in 2013 by Cold Spring Harbor Laboratory as an open preprint server for the life sciences; in 2025 its operation moved to a new nonprofit, openRxiv.",https://www.biorxiv.org/about-biorxiv,checked,
PPR-005,Intermediate,Preprints & Peer Review,preprints; peer-review,What is a common relationship between preprints and subsequent journal publication?,Preprints are expected to entirely replace journals as a publishing venue,Most journals have policies against accepting work that was preprinted,Posting a preprint automatically triggers a retraction of the work,"Once preprinted, work typically cannot be submitted to a journal afterward","Many preprints are later published in journals, remaining available",e,"Preprinting and journal publication are typically complementary: a large share of preprints are subsequently published in journals, while the preprint version remains publicly accessible and citable.",https://www.biorxiv.org/about-biorxiv,checked,
PPR-006,Intermediate,Preprints & Peer Review,preprints; peer-review,COAR Notify is an initiative to:,It provides an automated API specifically for detecting plagiarism,It is a service specifically responsible for assigning DOIs to preprints,It produces a formal ranking of repositories based on their overall size,It is an initiative aimed at entirely replacing institutional repositories,Standardize messages linking repositories with peer-review services,e,"COAR Notify, from the Confederation of Open Access Repositories, develops community conventions built on W3C Linked Data Notifications so repositories can interoperate with external services such as overlay journals and peer-review platforms in a decentralized way.",https://coar-notify.net/,checked,
PPR-007,Expert,Preprints & Peer Review,peer-review,Open peer review' can refer to several practices. Which is one recognized form?,Reviewer identities and/or review reports are made public rather than kept anonymous,Open peer review always requires posting a preprint before submission,Open peer review means every reviewer must reach unanimous agreement before publication,All review reports are permanently destroyed once a decision is made,Open peer review requires reviewers to be selected by the authors themselves,a,"Open peer review is a catch-all term for practices that increase transparency, revealing reviewer identities, publishing review reports, open commenting, or combinations of these, in contrast to traditional closed, anonymous review. Ross-Hellauer's 2017 systematic review found at least 22 different configurations already in use, underscoring that no single practice defines it.",https://plos.org/resource/open-peer-review,checked,
PPR-008,Beginner,Preprints & Peer Review,peer-review,What is a 'desk rejection' in the context of journal peer review?,An editor's decision to decline a manuscript before it is sent out for peer review,A rejection issued only after all invited reviewers have submitted their reports,A formal retraction of an article after it has already been published,A reviewer's decision to decline the invitation to review a manuscript,A journal's decision to permanently ban an author from future submissions,a,"A desk rejection is an editor's decision to decline a manuscript without sending it out for external peer review, typically because it doesn't fit the journal's scope or falls short of basic standards, sparing reviewer time for submissions that are ready for full evaluation.",https://www.frontierspartnerships.org/journals/british-journal-of-biomedical-science/articles/10.3389/bjbs.2024.12054/full,checked,
PPR-009,Expert,Preprints & Peer Review,preprints; peer-review,"Overlay journals, which COAR Notify and platforms like Episciences support, are best described as:",Journals that place paid advertisements directly on top of their articles,Journals that operate with no formal editors overseeing content at all,Journals that exclusively publish raw datasets rather than articles,"Journals whose articles live on preprint servers, not the journal's own hosting",Traditional print journals that happen to feature digital cover designs,d,"An overlay journal organizes peer review and editorial selection but points to versions of record hosted on external preprint servers or repositories such as arXiv, HAL, Zenodo, or bioRxiv, layering a journal's curation 'over' existing open content rather than hosting it directly.",https://www.episciences.org/publishing-model/,checked,
PPR-010,Beginner,Preprints & Peer Review,preprints; peer-review,What is the primary benefit of posting a preprint for the author?,Posting a preprint provides an automatic guarantee of journal acceptance,Posting a preprint effectively hides the work until formal publication,Posting a preprint entirely replaces the need to publish in a journal,Posting a preprint directly increases the eventual journal's impact factor,It makes the work publicly citable quickly and enables early feedback,e,"Preprints let authors share findings rapidly and openly, timestamp their contribution (priority), and gather community feedback before or during journal review, without waiting out the publication process.",https://asapbio.org/about/faq/preprint-faq/,checked,
PPR-011,Beginner,Preprints & Peer Review,peer-review,What is a 'single-anonymized' peer review?,Both the authors and the reviewers are fully aware of each other's identities,Neither the authors nor the reviewers know the other party's identity,The completed review reports are published openly for anyone to read,The identity of the handling editor is kept anonymous throughout,"Reviewers know the authors' identities, but authors do not know who the reviewers are",e,"In single anonymized review, reviewers can see who the authors are while remaining anonymous to the authors; it is the traditional, most common review model, though it is criticized for enabling bias based on author identity or affiliation.",https://www.elsevier.com/reviewer/what-is-peer-review,checked,
PPR-012,Beginner,Preprints & Peer Review,peer-review,What is 'double anonymized' peer review?,Both the reviewers and the authors are fully aware of each other's identities,The submitted paper is sent out for peer review on two separate occasions,Only the identity of the handling editor is kept anonymous,All completed review reports are permanently deleted afterward,The authors' and reviewers' identities are both concealed from each other during review,e,"In double anonymized review, both the authors' and the reviewers' identities are hidden from each other, aiming to reduce bias related to authors' names, gender, seniority, or institution.",https://www.elsevier.com/reviewer/what-is-peer-review,checked,
PPR-013,Beginner,Preprints & Peer Review,preprints,Which is a preprint server for chemistry?,bioRxiv,PubMed,ChemRxiv,arXiv,medRxiv,c,"ChemRxiv is the preprint server for the chemical sciences; bioRxiv/medRxiv serve life and medical sciences, arXiv the quantitative sciences, and SSRN the social sciences and humanities.",https://chemrxiv.org/engage/chemrxiv/public-dashboard,checked,
PPR-014,Beginner,Preprints & Peer Review,preprints,What is SSRN best known for?,Hosting early preprints specifically within the field of chemistry,Managing the formal registration of ongoing clinical trials,Hosting early preprints specifically within the field of physics,Serving as a repository specifically for raw genomic sequence data,A platform widely used in the social sciences and economics,e,"SSRN (the Social Science Research Network) is a long-established platform for sharing early-stage research (working papers/preprints) especially in the social sciences, law, economics, and humanities.",https://www.ssrn.com/index.cfm/en/,checked,
PPR-015,Beginner,Preprints & Peer Review,preprints; persistent-identifiers,Does a preprint receive a persistent identifier?,Only once the preprint has subsequently been formally published,"No, preprints are not assigned any kind of persistent identifier",Only if the submitting author pays an additional posting fee,Only for preprints submitted specifically within the field of physics,"Yes, most preprint servers assign a DOI to each preprint",e,"Preprint servers such as bioRxiv, arXiv, and ChemRxiv assign DOIs (or equivalent persistent identifiers) to preprints, so they can be cited and located reliably even before journal publication.",https://www.biorxiv.org/about-biorxiv,checked,
PPR-016,Beginner,Preprints & Peer Review,preprints; publication-ethics,"What is a common concern researchers raise about posting preprints, and how is it generally addressed?",That posting a preprint typically costs far too much money,"That preprints, once posted, cannot subsequently be formally cited",That posting a scholarly preprint online is considered illegal,Fear of being 'scooped'; countered by the priority a dated preprint establishes,That posting a preprint results in the underlying data being deleted,d,"A frequent worry is that sharing early could let others take the idea; in practice, a timestamped public preprint establishes priority and provides evidence of when the work was first disclosed, which mitigates the scooping concern.",https://asapbio.org/about/faq/preprint-faq/,checked,
PPR-017,Beginner,Preprints & Peer Review,peer-review,What does 'peer review' fundamentally provide in scholarly publishing?,"A stable, persistent identifier assigned to the manuscript",An absolute guarantee that the reported results are true,A running count of how many times the work has been cited,Evaluation of a manuscript by independent experts,A specific numerical value known as the work's impact factor,d,"Peer review is the process by which qualified experts scrutinize a manuscript's methods, evidence, and conclusions to help judge and improve its quality and reliability; it is a filter and improvement mechanism, not a guarantee of truth.",https://www.elsevier.com/reviewer/what-is-peer-review,checked,
PPR-018,Beginner,Preprints & Peer Review,peer-review,What is 'open peer review' in its transparency sense?,Reviews that are conducted exclusively within open public discussion forums,Publishing review reports and/or revealing reviewer identities,A form of review that takes place before the study has even been designed,Allowing any member of the public to serve as a reviewer ,A model that removes the practice of peer review from publishing entirely,b,"Open peer review is an umbrella term for increasing transparency - such as publishing the referee reports (often with author responses) and optionally disclosing reviewer names - in contrast to traditional confidential, anonymous review.",https://www.f1000research.com/about,checked,
PPR-019,Beginner,Preprints & Peer Review,preprints; peer-review,What is Sciety (sciety.org) designed to help users do?,Producing a formal ranking of journals according to their citation impact,Scanning submitted preprints to detect instances of plagiarism,Handling the technical process of assigning DOIs to new preprints,"Providing long-term, centralized storage for large research datasets",Discover preprints along with evaluations from various review groups,e,"Sciety aggregates preprint evaluations - reviews, endorsements, and curation from multiple groups and services - so readers can find preprints and see what the community has said about them, supporting preprint-based review.",https://sciety.org/about,checked,
PPR-020,Beginner,Preprints & Peer Review,preprints,Why might a researcher choose to post a preprint of their next paper?,Because journals will no longer accept a manuscript that has been preprinted,"It shares work faster and at no cost, without waiting on formal review",Because preprints automatically receive a higher journal impact factor,Because posting a preprint exempts the paper from any future peer review,Because a preprint server permanently replaces the role of a journal,b,"eLife highlights that preprinting is fast (shared in days, not months) and free (no subscriptions or fees for authors or readers), letting researchers share findings and get feedback well before the formal review process concludes.",https://elifesciences.org/inside-elife/85d36b45/open-science-why-you-should-preprint-your-next-paper,checked,
PPR-021,Beginner,Preprints & Peer Review,preprints; peer-review,Why do many journals now allow or encourage authors to post preprints before submission?,Because allowing preprints substantially lowers a journal's own operating costs,Because most research funders formally forbid journals from doing otherwise,Because allowing preprints is understood to entirely replace peer review,Because posting a preprint first is believed to guarantee more citations,Because preprinting speeds dissemination and journals see it as complementary,e,"Most journals have adopted preprint-friendly policies, viewing early public sharing as compatible with subsequent peer-reviewed publication and beneficial for the research community, rather than as prior publication that disqualifies the work.",https://www.biorxiv.org/about-biorxiv,checked,
PPR-022,Beginner,Preprints & Peer Review,preprints; publication-ethics; corrections-retractions,"If errors are found in a preprint, what typically happens?",The author posts a new version; earlier versions remain accessible,Nothing at all can ever be changed once a preprint has been posted,The preprint is permanently deleted from the server with no trace left behind,The preprint is automatically and immediately retracted by the server,The hosting server hides every previous version from public view,a,"Preprint servers support versioning: authors upload revised versions while prior versions remain available and linked, so the record of changes is transparent; withdrawal notices are used if a preprint should no longer be relied upon.",https://www.biorxiv.org/about-biorxiv,checked,
PPR-023,Intermediate,Preprints & Peer Review,preprints; peer-review,What is eLife's 'publish-review-curate' (PRC) model?,It is essentially a traditional double-blind peer-review model applied to preprints,It is fundamentally a subscription model for accessing eLife's published content,Papers sent for review are published as 'Reviewed Preprints' with public reviews,It is a publishing model that involves no form of peer review whatsoever,It is a model in which the journal deliberately publishes only negative results,c,"Under PRC, papers chosen for review are posted as Reviewed Preprints together with the referees' public reviews and an editorial 'eLife Assessment' summarizing the significance and strength of evidence; eLife no longer issues accept/reject decisions after review.",https://elifesciences.org/inside-elife/54d63486/elife-s-new-model-changing-the-way-you-share-your-research,checked,
PPR-024,Beginner,Preprints & Peer Review,preprints; peer-review,What is 'Peer Community In' (PCI)?,It functions primarily as a social media network built specifically for scientists,It is a commercial firm that outsources peer review services for a fee,Communities of researchers evaluate and recommend preprints for free,It operates primarily as a preprint server hosting early manuscripts,It functions primarily as a citation index tracking scholarly references,c,"Peer Community In organizes discipline-based communities that peer-review and, if warranted, 'recommend' preprints, publishing the reviews and recommendation openly and at no cost; PCI-recommended preprints gain a form of validation independent of conventional journals (and PCI Registered Reports exists too).",https://peercommunityin.org/,checked,
PPR-025,Intermediate,Preprints & Peer Review,preprints; peer-review,How does the F1000Research publishing model differ from a traditional journal?,This particular publishing model does not actually publish any articles at all,This particular publishing model does not use any form of peer review at all,"It relies on a secret, traditional double-blind review process before publication","Articles are published first, then undergo open, invited post-publication review",This particular publishing model publishes exclusively unreviewed preprints,d,"F1000Research (and similar platforms) publishes submissions rapidly after editorial checks, then arranges open, post-publication peer review in which reviewers are named and their reports and approval status are published alongside the article, which can be revised into new versions.",https://f1000research.com/about,checked,
PPR-026,Intermediate,Preprints & Peer Review,peer-review,What is 'portable' (or transferable) peer review?,It refers specifically to conducting peer review using a mobile device,It refers to a review process that is conducted anonymously and nothing more,It refers to a single reviewer evaluating several papers simultaneously,It refers to a form of peer review that formally expires after some time,A system where peer-review reports can travel with a manuscript,e,"Portable peer review lets existing review reports accompany a manuscript to another venue (for example, via independent review services like Review Commons or journal cascades), reducing redundant reviewing and reviewer burden.",https://www.reviewcommons.org/,checked,
PPR-027,Beginner,Preprints & Peer Review,preprints; peer-review,What does Review Commons provide?,A service that produces a formal ranking of individual peer reviewers,A commercial database used specifically to track scholarly citations,A dedicated preprint server built specifically for the physical sciences,A platform for journal-independent peer review of life-science preprints,A grant program that provides direct funding to early-career researchers,d,"Review Commons arranges high-quality, journal-agnostic peer review before journal submission; authors receive referee reports they can post with the preprint and transfer to any affiliate journal, decoupling review from a specific journal.",https://www.reviewcommons.org/,checked,
PPR-028,Beginner,Preprints & Peer Review,preprints; peer-review; equity-inclusion,What is PREreview's main aim?,To produce a formal ranking of preprints according to their citation counts,To directly publish its own line of peer-reviewed academic journals,"To broaden participation in preprint review, including early-career researchers",To handle the technical process of assigning DOIs to research outputs,To scan submitted preprints and detect instances of textual plagiarism,c,"PREreview provides tools, training, and community to make preprint review more open, equitable, and inclusive - encouraging and supporting researchers, especially those historically excluded, to contribute constructive open reviews.",https://www.prereview.org/,checked,
PPR-029,Intermediate,Preprints & Peer Review,peer-review,What is 'transparent peer review' as offered by some journals?,A model in which review of the manuscript is conducted solely by members of the public,A form of review in which no written reports are ever produced at all,Publishing the peer-review history alongside the final article,A process that removes the handling editor from the review workflow entirely,A form of review in which reviewers are asked to evaluate only the abstract,c,"Transparent peer review makes the review process visible by publishing the exchanged reports, author replies, and decision letters with the article, improving accountability and letting readers see how the paper was evaluated and revised.",https://www.nature.com/nature-portfolio/editorial-policies/peer-review,checked,
PPR-030,Intermediate,Preprints & Peer Review,preprints; peer-review; publication-ethics,How do preprint servers typically handle quality control before posting?,"A moderation step checking suitability and scope, not scientific validity","Submissions undergo the exact same full, formal peer review as journal articles",Submissions are posted with no checks or moderation of any kind whatsoever,Submissions are ranked according to how much impact they are expected to have,Submissions undergo the same formal editorial acceptance process as a journal,a,"Preprint servers apply moderation or screening - verifying the submission is scholarly, on-topic, and free of obvious ethical, legal, or safety problems - but explicitly do not perform peer review or judge the scientific correctness of the work.",https://www.biorxiv.org/about/FAQ,checked,
PPR-031,Intermediate,Preprints & Peer Review,peer-review; responsible-assessment,"Why do reviewer-recognition efforts (e.g., named reviews, reviewer credit records) matter for the peer-review system?",Because peer review is largely unpaid and invisible labor,Because formally recognizing reviewers is thought to entirely replace the role of editors,Because recognizing reviewer contributions helps produce a formal ranking of journals,"Because peer reviewers, under this system, are directly paid a fee per review completed",Because recognizing reviewers in this way is believed to eliminate the need for review,a,"Peer review is typically uncompensated and largely invisible work, which contributes to reviewer fatigue and difficulty recruiting reviewers; recognition efforts such as verifiable review records aim to convert this invisible labor into credit that can support recruitment and career recognition.",https://www.frontiersin.org/journals/research-metrics-and-analytics/articles/10.3389/frma.2026.1740381/full#s2,checked,
PPR-032,Intermediate,Preprints & Peer Review,peer-review,What is 'cascading' peer review within a publisher's journal portfolio?,It refers narrowly to the practice of reviewing only a manuscript's cited references,It refers to a single article being reviewed multiple times at the very same journal,A rejected manuscript is offered to another journal in the same portfolio,It refers to a manuscript being formally published without undergoing any review,It refers to a formal ranking system that cascades reviewers by their seniority,c,"Cascading (or article transfer) review lets a publisher redirect a rejected but sound manuscript to a more suitable journal in its family, saving the author from resubmitting from scratch",https://www.springernature.com/gp/authors/transferdesk,checked,
PPR-033,Expert,Preprints & Peer Review,preprints; peer-review,Why did eLife's move to publishing Reviewed Preprints (without accept/reject decisions) prompt debate about the role of journals?,It decouples validation from a binary journal 'accept/reject' stamp,Because this editorial shift meant that eLife's articles became accessible only via subscription,Because adopting this model meant eLife no longer needed independent expert reviewers,Because this particular shift in policy only ever affected dedicated preprint servers,Because moving to this model reduced the editorial team's role to formatting and typesetting,a,"By publicly reviewing and assessing papers as preprints rather than issuing accept/reject verdicts, eLife's model questions whether the journal's gatekeeping 'accepted/not accepted' signal is necessary, moving toward evaluating papers on their own public merits - a significant reframing of what journals do.",https://elifesciences.org/inside-elife/54d63486/elife-s-new-model-changing-the-way-you-share-your-research,checked,
PPR-034,Expert,Preprints & Peer Review,preprints; peer-review,"How do journal-independent review models (PCI, Review Commons, preprint review services) potentially reshape scholarly publishing economics and workflow?","By separating peer review from the journal container, they allow review to happen once and travel with the paper",These journal-independent review models work mainly by eliminating preprints altogether,These models function by requiring authors to pay a separate fee for each individual review,These journal-independent models tend to make the peer-review process considerably more costly for authors,These models work by centralizing all peer review into a single dominant journal,a,"Decoupling review from a specific journal means a paper can be reviewed independently (often free) and then taken to any compatible venue, cutting duplicate reviewing, giving authors more control, and challenging the journal's role as the sole site of validation.",https://www.reviewcommons.org/,checked,
PPR-035,Expert,Preprints & Peer Review,peer-review; equity-inclusion,What are recognized trade-offs of open peer review (publishing reports and/or reviewer names)?,"It increases transparency, but naming reviewers may discourage candid criticism",It is generally seen as having no real downsides worth discussing,It is believed to reliably speed up the overall review process,It removes most sources of reviewer bias,It effectively removes the need for editors in the process,a,"Open review can raise accountability and let reviewers claim credit for their work, but disclosing identities is also the most common reason stakeholders object to it, since reviewers, especially junior researchers dependent on senior colleagues, may fear career consequences for critical reviews.",https://plos.org/resource/open-peer-review/,checked,
PPR-036,Intermediate,Preprints & Peer Review,preprints; peer-review; publication-ethics,"During the COVID-19 pandemic, what did the surge in preprints reveal about their benefits and risks?",That preprints turned out to add little value beyond what journals already provided,"Preprints enabled rapid sharing and scrutiny, but risked premature uptake of unvetted claims",That the surge in preprints showed most journals had become unnecessary,That preprints posted during the pandemic were held to the same standard as peer-reviewed work,That the surge in preprints ultimately ended up slowing the pace of research overall,b,"The pandemic showed preprints' value for speed and openness and for accelerating scrutiny, while also exposing dangers when unreviewed results were amplified prematurely, reinforcing the importance of labeling preprints clearly and communicating uncertainty responsibly.",https://asapbio.org/about/faq/preprint-faq/,checked,
PPR-037,Expert,Preprints & Peer Review,preprints; peer-review; publication-ethics,Why is the distinction between a preprint 'withdrawal' and a journal 'retraction' important?,"A preprint withdrawal flags an early, unreviewed version authors no longer stand behind",A preprint withdrawal and a journal retraction follow the same formal editorial process,A preprint withdrawal is generally considered a far more serious action than a retraction,Retraction is a term that applies to preprints but not to formally published articles,The concept of retraction was originally created specifically for preprint servers,a,"Because preprints are explicitly not peer reviewed, removing or flagging one (withdrawal) is different in meaning from retracting a vetted, published article",https://connect.biorxiv.org/news/2023/08/15/preprint_withdrawals,checked,
PPR-038,Expert,Preprints & Peer Review,preprints; peer-review,What problem do preprint review aggregators like Sciety aim to solve as preprint evaluation proliferates?,Reviews and endorsements of preprints are scattered across many services and groups,There being far too few preprints currently available for readers to evaluate,"The fact that preprints, as a rule, are never assigned a persistent DOI",Traditional journals routinely and systematically rejecting preprinted work,Peer reviewers being directly paid a fee for each review they complete,a,"As multiple services and communities review preprints, that evaluation becomes fragmented; aggregators like Sciety collect and surface these reviews and endorsements together, so the scrutiny a preprint has received is discoverable and usable by readers.",https://sciety.org/about,checked,
PPR-039,Expert,Preprints & Peer Review,preprints; peer-review; preregistration,How does 'results-blind' or Registered Report-style review differ fundamentally from ordinary peer review in what it evaluates?,It evaluates only the eventual results and outcomes of the completed study,It evaluates only whether the manuscript fits the journal's scope and formatting,It evaluates the question and methodology before results exist,It deliberately skips over evaluating the study's underlying methodology,It follows largely the same process and timing as standard post-publication review,c,"Results-blind review (as in Registered Reports) assesses the importance of the question and the soundness of the methods prior to data collection, deliberately removing outcome-dependent judgement, which combats publication bias and outcome-driven acceptance.",https://www.cos.io/initiatives/registered-reports,checked,
PPR-040,Expert,Preprints & Peer Review,preprints; peer-review,"Why do some argue that widespread preprinting plus open review could ultimately restructure the journal's traditional functions, and what functions are at stake?","Because reer review is, in this view, considered an unnecessary step in scholarly publishing","Because journals bundle registration, dissemination, validation, and curation, which can be unbundled","Because preprints, on their own, are believed to already cover most of these functions",Because journals are understood to serve little function beyond typesetting manuscripts,"Because journals, as institutions, are considered slow to adopt any meaningful change",b,"The 'decoupled journal' framing (Priem & Hemminger) argues journals bundle functions like archiving, registration, dissemination, and certification into a single package",https://pmc.ncbi.nlm.nih.gov/articles/PMC3319915/,checked,
PPR-041,Expert,Preprints & Peer Review,peer-review; equity-inclusion,What equity concern does evidence raise specifically about 'open identities' peer review (where reviewer names are disclosed)?,Open identities are understood to benefit only the largest commercial publishers,"Willingness to sign reviews openly isn't evenly distributed, so it can reinforce existing disparities",Open identities are supported by strong evidence showing they are equitable by default,Open identities are believed to remove most sources of reviewer bias,Open identities require reviewers to pay for a formal subscription to participate,b,"A scoping review of open peer review evidence found that open identities does seem to present issues for equity: the demographics most likely to embrace openly signing reviews are not evenly distributed across the research community, so rather than automatically leveling the playing field, open identities can reinforce who is already comfortable and positioned to review visibly.",https://academic.oup.com/rev/article/doi/10.1093/reseval/rvae004/7603873,checked,
PPR-042,Expert,Preprints & Peer Review,preprints; peer-review; responsible-assessment,How does decoupling 'certification' from 'dissemination' via preprints and portable review challenge research assessment systems?,Decoupling certification from dissemination in this way is understood to not affect assessment at all,This kind of decoupling would require formally ranking every single preprint that exists,This kind of decoupling effectively removes the need for any form of evaluation whatsoever,This kind of decoupling is understood to make the Journal Impact Factor considerably more useful,Assessment must find new ways to recognize quality beyond journal name as a proxy,e,"When dissemination (preprints) and certification (independent/open review) are separated from journal prestige, evaluators can no longer lean on 'where it was published' as a shortcut; this pushes assessment toward judging the content and its public evaluations directly - consistent with responsible-assessment reforms.",https://sfdora.org/read/,checked,
PPR-043,Expert,Preprints & Peer Review,preprints; peer-review; equity-inclusion,What is a central unresolved challenge for scaling journal-independent and preprint-based peer review?,Simply finding a sufficient number of preprints available for reviewers to evaluate,"Securing sustainable funding, reviewer capacity, and broad recognition",Restricting preprint access so that only paying subscribers can read them,Making every posted preprint undergo peer review fully and automatically,Persuading every journal to shut down within the same calendar year,b,"For preprint-based and journal-independent review to become mainstream, they must solve durability problems, stable funding, enough willing qualified reviewers, and acceptance by hiring and funding bodies, since many current services rely on small budgets, volunteers, and workshops like HHMI's Recognizing Preprint Peer Review initiative are actively working to build institutional recognition.",https://doi.org/10.1371/journal.pbio.3002502,checked,
PPR-044,Expert,Preprints & Peer Review,preprints; peer-review; publication-ethics,Why is 'peer review does not by itself guarantee correctness or reproducibility' an important nuance in debates about validation models?,"Peer review, understood this way, is considered a largely symbolic step with little real value","Because peer review is a limited, human filter that can miss errors, fraud, or non-reproducibility","Peer review, when conducted properly, is understood to confirm that results are reproducible",Errors of this kind are understood to be far more common in preprinted manuscripts specifically,"Reproducibility, in this framing, is considered a separate concern handled only after publication",b,Peer review is generally not able to reproduce experiments or fully verify results,https://doi.org/10.1186/s41073-020-00092-1,checked,
PPR-045,Beginner,Preprints & Peer Review,preprints; publication-ethics,Why is labeling a preprint clearly as 'not peer reviewed' considered important?,"Because preprints are, by their very nature, considered inherently unreliable",Because labeling a preprint this way is believed to lower its eventual citation count,Because most academic journals formally require this label for indexing purposes,Because it hides the authors,So readers know the work hasn't undergone formal peer review yet,e,"Clear labeling signals that a preprint's claims have not been vetted by peer review, helping audiences, especially non-specialists and media, interpret the results cautiously, a lesson reinforced during the pandemic.",https://asapbio.org/about/faq/preprint-faq/,checked,
PPR-046,Intermediate,Preprints & Peer Review,preprints,How can posting a preprint benefit a study's eventual peer-reviewed version?,Posting a preprint effectively replaces the need for formal peer review,Posting a preprint provides an automatic guarantee that the paper will be accepted,Posting a preprint effectively hides the underlying work from potential reviewers,Posting a preprint removes the need for the author to make any later revisions,Community feedback can help authors identify errors before formal review,e,"Making a preprint public invites comments and scrutiny that authors can use to strengthen the paper prior to or alongside formal review, potentially improving the final published version.",https://asapbio.org/about/faq/preprint-faq/,checked,
PPR-047,Beginner,Preprints & Peer Review,peer-review,What does peer review aim to assess about a manuscript?,Simply the total number of figures included in the manuscript,Only whether it follows the journal's formatting and submission rules,The specific citation count accumulated by the manuscript's author,The official impact factor of the journal considering the manuscript,"Its validity, rigor, and significance, judged by experts",e,"Peer review evaluates whether a study's methods are sound, its claims supported, and its contribution significant, through assessment by qualified independent experts, going well beyond administrative checks like formatting or surface features like figure count.",https://www.elsevier.com/reviewer/what-is-peer-review,checked,
PPR-048,Intermediate,Preprints & Peer Review,peer-review,What is a recognized advantage of open (published) peer-review reports for readers?,They tend to actively hide any concerns that reviewers may have raised,They mainly serve to make the resulting published article noticeably shorter,They provide an absolute guarantee that the published paper is correct,They effectively replace the need to publish the article itself,They let readers see how the paper was scrutinized and revised,e,"Publishing the review reports (and author responses) lets readers understand how a paper was assessed and improved, increasing transparency and accountability in the evaluation process.",https://www.f1000research.com/about,checked,
PPR-049,Expert,Preprints & Peer Review,preprints; peer-review,"What limits how far a journal-independent review (e.g., from Review Commons) can 'travel' with a manuscript?",The review only carries formal weight at journals affiliated with or partnered to the service,The review becomes invalid if the manuscript is revised in any way before submission,The review can only be used once the preprint has already been formally published,The review is only accepted by journals in the same country as the preprint server,The review can only travel to journals that charge no publication fee,a,Services like Review Commons operate through a defined network of affiliate journals,https://www.reviewcommons.org/,checked,
PPR-050,Intermediate,Preprints & Peer Review,preprints; peer-review,How does PREreview's model of peer review differ from traditional journal peer review?,"Reviews are written on preprints by a community, not assigned by a journal editor",Reviews are commissioned by journals and kept confidential from the authors,Only paid professional reviewers are permitted to write PREreviews,A single editor decides whether to accept or reject the preprint after review,Reviews are limited strictly to preprints in the physical sciences,a,"PREreview lets community members write and publish open reviews directly on preprints, rather than through an editor-assigned, journal-controlled process",https://www.prereview.org/,checked,
RAM-001,Beginner,Research Assessment & Metrics,research-metrics,What is a journal's Impact Factor intended to measure?,The overall quality of one single individual article,The typical number of authors listed per published paper,The proportion of submitted manuscripts the journal rejects,The total number of paying subscribers to the journal,The average recent citation count of articles in that journal,e,"The Journal Impact Factor is a journal-level average: citations in a given year to the journal's items from the two preceding years, divided by the number of citable items in those two years.",https://clarivate.com/academia-government/essays/impact-factor/,checked,
RAM-002,Beginner,Research Assessment & Metrics,responsible-assessment,"DORA, a widely signed declaration on research assessment, stands for:",Digital Open Research Archive,San Francisco Declaration on Research Assessment,Data Openness and Reuse Agreement,Declaration of Open Research Access,Database of Research Analytics,b,"DORA is the San Francisco Declaration on Research Assessment (2012), which calls for not using journal-based metrics such as the Impact Factor as a proxy for the quality of individual research.",https://sfdora.org/read/,checked,
RAM-003,Beginner,Research Assessment & Metrics,research-metrics,The h-index of a researcher is defined such that they have an h-index of h when:,h papers have each been cited at least h times,They have published exactly h papers,They have worked for h years,Their most-cited paper has h citations,h co-authors have cited them,a,A researcher has an h-index of h if h of their publications have each received at least h citations; it tries to balance productivity and citation impact in one number.,https://en.wikipedia.org/wiki/H-index,checked,
RAM-004,Intermediate,Research Assessment & Metrics,responsible-assessment,What is the central recommendation of DORA regarding the Journal Impact Factor?,Apply the Impact Factor only when evaluating open access journals,Do not use journal metrics as a proxy for individual article quality,Recalculate the Impact Factor using a five-year window instead of two,Replace the Impact Factor entirely with the h-index as the standard metric,Use the Impact Factor as the primary criterion in hiring decisions,b,"DORA's general recommendation is explicitly to not use journal-based metrics, such as Journal Impact Factors, as a surrogate for the quality of individual research articles or a researcher's contributions in hiring, promotion, or funding.",https://sfdora.org/read/,checked,
RAM-005,Intermediate,Research Assessment & Metrics,responsible-assessment,The Leiden Manifesto (2015) is best described as:,A technical standard for assigning persistent identifiers to research outputs,A voluntary code of conduct adopted by academic publishers,Ten principles for the responsible measurement of research performance,An annual ranking that orders universities around the world,A funder mandate that requires all research to be published openly,c,"The Leiden Manifesto, published in Nature in 2015, offers ten principles for the responsible use of metrics in research evaluation, stressing that quantitative measures should support, not replace, expert judgement.",https://www.leidenmanifesto.org/,checked,
RAM-006,Expert,Research Assessment & Metrics,responsible-assessment,Which of the following reflects one of CoARA's core commitments?,"Mandate the adoption of a single, standardized global CV format","Base assessment on qualitative judgement, and abandon inappropriate use of journal metrics",Formally rank every university in the world on an annual basis,Increase institutional reliance on the Journal Impact Factor and h-index scores,Require that all research outputs be published under gold open access,b,"CoARA's core commitments include recognising diversity of contributions, basing assessment primarily on qualitative judgement (peer review central) with responsible quantitative use, abandoning inappropriate use of metrics like the JIF and h-index, and avoiding rankings of organizations.",https://www.coara.org/news/the-agreement-on-reforming-research-assessment-is-now-final/,checked,
RAM-007,Expert,Research Assessment & Metrics,research-metrics; responsible-assessment,A frequently criticized technical feature of the Journal Impact Factor is that:,It is a figure that treats every citing document type identically in both the numerator and denominator,"It counts all items in the numerator, but only 'citable items' in the denominator",It is a metric that counts only citations an article makes to itself,It is a figure recalculated using a rolling monthly citation window,It is a metric that excludes review articles from its citable-items count,b,"A well-known criticism is the numerator/denominator asymmetry: citations to all content (including editorials and letters) can count in the numerator, while the denominator counts only 'citable items' such as articles and reviews, which can inflate the ratio.",https://clarivate.com/academia-government/blog/closer-look-journal-impact-factor-numerator/,checked,
RAM-008,Expert,Research Assessment & Metrics,responsible-assessment; equity-inclusion,How does INORMS' SCOPE framework differ from DORA or the Leiden Manifesto?,"SCOPE applies only to funders, while DORA and Leiden apply only to publishers","SCOPE is a citation database, while DORA and Leiden are journal ranking systems","SCOPE replaces the need for qualitative expert judgement, while DORA and Leiden require it","SCOPE is a step-by-step process for implementing responsible evaluation, while DORA and Leiden are statements of principle","SCOPE is a quantitative metric, while DORA and Leiden are qualitative frameworks",d,"DORA and the Leiden Manifesto are declarations of principle, stating what responsible assessment should value. SCOPE, developed by INORMS' Research Evaluation Group, is a practical five-stage process (Start, Context, Options, Probe, Evaluate) for actually designing and carrying out an evaluation in line with those principles, bridging the gap between principle and implementation.",https://inorms.net/scope-framework-for-research-evaluation/,checked,
RAM-009,Expert,Research Assessment & Metrics,responsible-assessment; metadata,How does the Barcelona Declaration on Open Research Information differ in focus from INORMS' SCOPE framework?,"The Barcelona Declaration focuses on open metadata and infrastructure, while SCOPE focuses on the process of designing an evaluation","The Barcelona Declaration is a five-stage evaluation process, while SCOPE is a commitment to open metadata","The Barcelona Declaration applies only to funders, while SCOPE applies only to publishers","The Barcelona Declaration mandates a single citation metric, while SCOPE bans the use of all metrics",The Barcelona Declaration and SCOPE both exclusively address journal-level indicators,a,"The Barcelona Declaration commits signatories to open research information (metadata, citations, affiliations) as infrastructure, the underlying data assessment reform depends on. SCOPE, by contrast, is a practical five-stage process for designing and running a responsible evaluation. The two are complementary but operate at different layers",https://barcelona-declaration.org/,checked,
RAM-010,Beginner,Research Assessment & Metrics,research-metrics,What are 'altmetrics'?,A score that ranks the overall quality of a research paper,A specific type of persistent identifier assigned to individual researchers,A proposed replacement intended to do away with formal peer review,A count of how many authors are listed on a given paper,Metrics that capture attention and engagement with research beyond citations,e,"Altmetrics (alternative metrics) track diverse forms of online attention and engagement with research outputs - news coverage, policy citations, social media, blogs, bookmarks - complementing traditional citation counts.",https://www.altmetric.com/about-us/our-data/,checked,
RAM-011,Beginner,Research Assessment & Metrics,research-metrics,What is a 'citation' in bibliometrics?,A fee that authors are required to pay directly to a journal,A formal written report produced during the peer-review process,A brief summary describing the contents of a published article,"A formal reference from one work to another, measuring uptake",A type of persistent identifier assigned to scholarly outputs,d,A citation is a reference in one work pointing to another; counts of citations are widely (if imperfectly) used as indicators of how much a work has been used or acknowledged by later research.,https://en.wikipedia.org/wiki/Citation,checked,
RAM-012,Beginner,Research Assessment & Metrics,research-metrics; responsible-assessment,Why is using a journal's Impact Factor to judge an individual article considered problematic?,Because the exact calculation behind the Impact Factor is kept secret,Because the Impact Factor only counts citations to review articles,Because individual journal articles cannot technically be cited at all,Because the Impact Factor is recalculated and changes on a daily basis,Because citation counts within a journal are highly skewed,e,"Citations are very unevenly distributed within a journal (a small number of papers attract most citations), so the journal-level average is a poor proxy for the impact or quality of any particular article - a central argument of DORA.",https://sfdora.org/read/,checked,
RAM-013,Beginner,Research Assessment & Metrics,research-metrics; responsible-assessment; authorship-credit,Why is the CRediT taxonomy useful when assessing someone's contribution to a research output?,It automatically calculates a numeric score for each author's contribution,A workflow used specifically for assigning DOIs to research outputs,It replaces the peer review process with a contributor checklist,It verifies that each listed author holds a valid research permit,"It lets evaluators see the specific role someone played, rather than relying only on author order",e,"CRediT (Contributor Roles Taxonomy) provides a standardized list of 14 roles so that each contributor's specific involvement in a work can be described transparently, improving fairness and clarity in authorship.",https://credit.niso.org/,checked,
RAM-014,Beginner,Research Assessment & Metrics,research-metrics; metadata,Which of these is a citation database used to gather bibliometric data?,Scopus,Zenodo,ORCID,re3data,CITATION.cff,a,"Scopus (Elsevier) is a large abstract and citation database; others include Web of Science, Dimensions, and the open OpenAlex, all used to collect citation and publication data.",guides.lib.purdue.edu/citationdatabases/Scopus,checked,yes
RAM-015,Beginner,Research Assessment & Metrics,research-metrics,What is Google Scholar's 'i10-index'?,A simple count of the total number of authors indexed by the platform,Publications that have each received at least 10 citations,The official impact factor belonging to a researcher's tenth-ranked journal,"Specifically, a researcher's tenth most-cited individual paper",The total number of citations a researcher received over the last 10 years,b,"The i10-index, used in Google Scholar profiles, simply counts how many of a researcher's papers have at least 10 citations each - a straightforward productivity/impact indicator.",https://scholar.google.com/intl/en/scholar/metrics.html,checked,
RAM-016,Beginner,Research Assessment & Metrics,research-metrics; metadata,"Why do citation counts for the same researcher often differ between Google Scholar, Scopus, and Web of Science?",Because each database indexes a different set of sources,Because Scopus and Web of Science only count citations from open-access journals,Because citation counts are essentially generated at random,Because Google Scholar is the only one of the three that counts citations at all,Because the researcher themselves is able to directly edit the counts,a,"Each platform covers a different (and differently curated) universe of journals, books, conference papers, and other documents; Google Scholar is broadest and least curated, so counts and derived metrics like the h-index differ across sources.",https://en.wikipedia.org/wiki/Citation_index,checked,
RAM-017,Beginner,Research Assessment & Metrics,research-metrics; responsible-assessment,What does the 'responsible metrics' movement broadly advocate?,Using as many different metrics as possible for every single decision,Abolishing the practice of formal peer review across all disciplines,"sing quantitative indicators carefully, in support of expert judgement",Publicly ranking every individual researcher against their peers,Relying solely and exclusively on the Journal Impact Factor for evaluation,c,"Responsible metrics (as in DORA, the Leiden Manifesto, and the Metric Tide) call for indicators to be used transparently and in context, informing rather than replacing expert judgement, and always mindful of their limitations and potential to distort behavior.",https://www.stir.ac.uk/about/professional-services/information-services-and-library/current-students-and-staff/researchers/writing-and-research/publishing-and-impact/bibliometrics-and-citation-analysis/responsible-metrics/,checked,
RAM-018,Beginner,Research Assessment & Metrics,research-metrics,An 'Altmetric Attention Score' primarily reflects:,A direct measure of how high-quality a given paper actually is,"A weighted count of online attention across news, policy, and social media",Simply the total number of formal citations the paper has received,Simply a count of how many coauthors are listed on the paper,The official impact factor of the journal that published the paper,b,"The Altmetric Attention Score is a weighted aggregate of mentions across tracked sources (news outlets, policy documents, social media, blogs, etc.), indicating attention - not quality or scholarly citation.",https://www.altmetric.com/about-our-data/the-donut-and-score/,checked,
RAM-019,Beginner,Research Assessment & Metrics,research-metrics; responsible-assessment; equity-inclusion,Which statement about the h-index is a recognized limitation?,It cannot be meaningfully compared across fields with different citation cultures,It automatically corrects for differences in citation practices between fields,It is a metric that counts only citations a researcher makes to their own work,It rewards researchers who publish frequently regardless of how often they're cited,It is a metric that entirely ignores a researcher's publications altogether,a,"The h-index tends to grow with career length and cannot exceed the number of papers, so it structurally disadvantages researchers in low-citation fields and is not comparable across fields with different citation cultures.",https://en.wikipedia.org/wiki/H-index,checked,
RAM-020,Beginner,Research Assessment & Metrics,responsible-assessment; authorship-credit; equity-inclusion,What is a 'narrative CV'?,A formal report that narrates a researcher's citation counts of all of their publications,A standard narration structure used specifically by the authors to apply for faculty positions,A ranked list ordering a researcher's papers from most to least cited,a structured written description of a person's contributions and achievements that reflects a broad range of relevant skills and experiences,An AI-generated CV that lists all of a person's publications and activities,d,"Narrative CVs (such as UKRI's RÃ©sumÃ© for Research and Innovation) prompt researchers to describe a fuller range of contributions in structured prose, countering over-reliance on publication lists and journal metrics in assessment.",https://www.ukri.org/what-we-do/supporting-healthy-research-and-innovation-culture/research-and-innovation-culture/supporting-the-community-adoption-of-r4r-like-narrative-cvs/narrative-cvs-what-they-are-and-why-use-them/,checked,
RAM-021,Beginner,Research Assessment & Metrics,research-metrics; responsible-assessment; equity-inclusion,What does 'field normalization' of a citation metric attempt to correct for?,The fact that citation rates differ greatly between disciplines,Systematic differences in the ages of the authors being compared,Simple differences in the spelling of author or journal names,Differences in the total number of pages an article happens to have,Differences in how many co-authors a paper typically has,a,"Because fields cite at very different rates (e.g., molecular biology vs mathematics), field-normalized indicators compare a paper's citations to the average for similar papers in the same field and year, enabling fairer cross-field comparison.",https://www.leidenmanifesto.org/,checked,
RAM-022,Beginner,Research Assessment & Metrics,research-metrics; metadata,OpenAlex differs from Web of Science and Scopus primarily because it:,Is considerably more expensive for institutions to access,Only covers research from the STEM fields,Provides openly available data rather than proprietary subscription-only data,Is an index that does not include citation data,Is run under the purview of EU council,c,"OpenAlex, Crossref, and OpenCitations make bibliographic and citation data openly available (supporting the open-research-information movement), in contrast to the proprietary, subscription-based Web of Science and Scopus.",https://openalex.org/,checked,
RAM-023,Beginner,Research Assessment & Metrics,research-metrics; responsible-assessment,Why is 'number of publications' alone a poor measure of research quality?,It rewards researchers who publish in the most prestigious journals,It automatically accounts for how much each publication has been cited,It reflects a researcher's overall standing within their specific field,It rewards quantity over quality and can incentivize salami-slicing,It only fails to capture quality for researchers early in their career,d,"A raw publication count measures output volume, not merit; over-weighting it can push researchers toward fragmenting work into least-publishable units and neglecting quality, rigor, and reproducibility.",https://sfdora.org/read/,checked,
RAM-024,Intermediate,Research Assessment & Metrics,research-metrics,How does Scopus's CiteScore differ from the Journal Impact Factor?,"CiteScore uses a longer, typically 4-year citation window",CiteScore is calculated independently by each journal's editorial board,CiteScore is a metric that counts only a journal's self-citations,CiteScore counts the same document types in both its numerator and denominator,CiteScore excludes review articles from its citation count,d,"CiteScore, from Elsevier's Scopus, counts the same document types in both the numerator and denominator, unlike the JIF's documented asymmetry there. It also uses a longer four-year window, but the document-type consistency is the more fundamental structural difference addressed here.",https://service.elsevier.com/app/answers/detail/a_id/14880/supporthub/scopus/,checked,
RAM-025,Intermediate,Research Assessment & Metrics,research-metrics; metadata,What is the initiative I4OC (Initiative for Open Citations) known for achieving?,Persuading publishers to make reference lists openly available via Crossref,Assigning persistent ORCID iDs to individual researchers around the world,Producing an annual ranking of the world's leading universities,Building the first comprehensive database of open-access journal,Making the calculation behind the Journal Impact Factor fully open,a,"I4OC campaigned for publishers to open the reference lists they deposit at Crossref; its success meant the large majority of Crossref-indexed references became openly available, underpinning open citation resources like OpenCitations and OpenAlex.",https://i4oc.org/,checked,
RAM-026,Intermediate,Research Assessment & Metrics,research-metrics; responsible-assessment,"The Leiden Manifesto principle that 'quantitative evaluation should support qualitative, expert assessment' implies that metrics should be used to:",Reduce the role of expert judgement in evaluation,Rank researchers based only on their metric scores,Automatically ranking researchers purely based on their metrics,Directly inform researchers' tenure decision based on their metric scores,Complement expert judgement rather than override it,e,"The Leiden Manifesto positions metrics as an aid to expert judgement: numbers can inform decisions but should not substitute for the contextual, qualitative assessment that peers provide.",http://www.leidenmanifesto.org/,checked,
RAM-027,Intermediate,Research Assessment & Metrics,research-metrics,What does SNIP (Source Normalized Impact per Paper) add compared to a raw journal citation average?,It corrects for differences in citation practices between fields,It simply measures how many times an article has been downloaded,It corrects for differences in how many papers a journal publishes per year,It counts citations received within a shorter recent time window,It is a measure that deliberately ignores citations altogether,a,"SNIP normalizes a journal's citation impact by the citation potential of its subject field, allowing fairer comparison of journals across disciplines with different citation densities and referencing behaviors.",https://www.journalindicators.com/methodology,checked,
RAM-028,Intermediate,Research Assessment & Metrics,research-metrics; responsible-assessment,Why can heavy reliance on any single metric trigger 'Goodhart's law' effects in research?,Because researchers stop optimizing for the underlying quality once the metric becomes the goal,Because a single metric can be independently verified by anyone,"Because people adjust their behavior to improve the metric itself, even at the expense of the outcome it was meant to represent",Because a metric under scrutiny becomes more accurate over time,Because Goodhart's law is most commonly discussed in the context of economic policy,c,"Once a metric becomes a target, people optimize for the number itself, such as fragmenting papers to raise publication counts, forming citation rings, or chasing high-JIF venues, rather than the underlying research quality it was meant to capture, causing the metric to lose its value as an indicator.",https://en.wikipedia.org/wiki/Goodhart's_law,checked,
RAM-029,Intermediate,Research Assessment & Metrics,research-metrics,What is a 'citation cartel' (or citation ring)?,A perfectly legitimate collaboration network formed between honest colleagues,A specific type of open license used for sharing research outputs,A group of authors or journals that cite each other excessively to inflate their metrics,"A natural pattern of frequent co-citation that occurs within a small, specialized subfield",A large database that simply stores and organizes citation records,c,"A citation cartel is coordinated, manipulative cross-citation - among authors, journals, or editors - designed to boost citation-based metrics artificially; it is a form of metric gaming that undermines the validity of those metrics.",https://en.wikipedia.org/wiki/Citation#Citation_manipulation,checked,
RAM-030,Intermediate,Research Assessment & Metrics,responsible-assessment,"Under DORA, what practical change is recommended for hiring and promotion committees?",Continue giving strong weight to the Journal Impact Factor in decisions,Assess the content and merit of a candidate's outputs and contributions directly,Count and consider mainly papers on which the candidate was first author,Use raw citation counts as the primary hiring criterion,Expect candidates to have published mainly in high-JIF journals,b,DORA asks evaluators to judge research on its own merits - reading the work and considering diverse contributions - instead of using where it was published (journal metrics) as a shortcut for quality.,https://sfdora.org/read/,checked,
RAM-031,Intermediate,Research Assessment & Metrics,research-metrics; metadata,How do OpenCitations and similar open citation indexes support research assessment reform?,By keeping their underlying citation data proprietary and available only to paying subscribers,By making citation data freely available and transparent,"By producing formal, ranked league tables that compare individual researchers directly against one another",By working to replace peer review as the primary method of evaluating research quality,By taking over the role of calculating and formally assigning official journal impact factor scores,b,"Open citation infrastructure lets anyone access and verify the underlying citation data, so analyses are transparent and reproducible and not locked to a single vendor's opaque, subscription database - supporting both open research information and responsible metrics.",https://opencitations.net/,checked,
RAM-032,Intermediate,Research Assessment & Metrics,research-metrics,What distinguishes SJR (SCImago Journal Rank) from a simple citation count?,It simply counts how many times an article has been downloaded,"It is a measure of journal quality based only on how many total citations a journal receives, without any weighting",It counts only citations that a paper makes back to its own authors' work,It weights citations by the prestige of the citing source,It weights citations by how recently the citing article was published,d,"SJR uses a prestige-weighted, network-based approach (akin to eigenvector centrality) in which citations from more prestigious journals contribute more, rather than treating all citations equally as a raw count does.",https://www.scimagojr.com/help.php,checked,
RAM-033,Intermediate,Research Assessment & Metrics,research-metrics; responsible-assessment; equity-inclusion,Why is the Journal Impact Factor an inappropriate tool for comparing researchers across disciplines?,Because it does not account for the number of authors on each paper,Because it already adjusts for differences in citation rates between fields,Because it reflects the quality of an individual article rather than the journal as a whole,Because it is calculated using a researcher's total career output,Because it is a journal-level metric tied to field-specific citation rates,e,"The JIF describes journals, and typical JIF values differ sharply between fields due to differing citation behaviors and article volumes; using it to compare individuals across disciplines conflates journal, field, and person, and ignores the individual's actual contributions.",https://sfdora.org/read/,checked,
RAM-034,Expert,Research Assessment & Metrics,research-metrics; responsible-assessment,"The Metric Tide report (2015) introduced which influential framework, and what were its dimensions?","The h-index, capturing dimensions of productivity and citation impact","Altmetrics, capturing attention across news outlets and social media","The Journal Impact Factor, capturing citations and formal reviews","CRediT, a taxonomy built around 14 distinct contributor roles","The concept of 'responsible metrics', built on five core dimensions",e,"The UK's Metric Tide review popularized 'responsible metrics', characterized by robustness (best available data), humility (metrics support not supplant judgement), transparency, diversity (reflecting varied outputs and career paths), and reflexivity (updating indicators as effects emerge).",https://www.ukri.org/publications/review-of-metrics-in-research-assessment-and-management/,checked,
RAM-035,Expert,Research Assessment & Metrics,responsible-assessment,"How do DORA, the Leiden Manifesto, the Metric Tide, and CoARA relate to one another?",They are competing standards that were developed independently and directly contradict and undermine one another,They each independently reinvented very similar ideas without any awareness of one another,"Each of the four frameworks specifically mandates that institutions adopt one particular, named metric","Only DORA and the Leiden Manifesto, among the four, actually address research metrics directly",They are complementary contributions to responsible research assessment,e,"These initiatives form a broadly aligned movement: DORA challenged JIF misuse, the Leiden Manifesto and Metric Tide provided principles for responsible metric use, and CoARA created an implementation coalition with concrete commitments - reinforcing rather than contradicting one another.",https://sfdora.org/2023/07/18/empowering-fair-evaluation-and-collective-impact-inorms-and-coaras-efforts-to-drive-change/,checked,
RAM-036,Expert,Research Assessment & Metrics,responsible-assessment,Why does CoARA's agreement call for 'abandoning inappropriate uses' of the JIF and h-index rather than banning metrics outright?,Because CoARA has chosen to take no position on the appropriate use of quantitative indicators,Because CoARA holds that all quantitative metrics are inherently harmful to research assessment,Because formally and legally banning the use of specific metrics is considered practically impossible,"Because the problem is misuse of metrics as quality proxies, not their existence",Because CoARA continues to rely on the Journal Impact Factor as its primary evaluation tool,d,"CoARA targets the inappropriate use of specific metrics (e.g., JIF/h-index as stand-ins for quality in hiring and funding) while allowing responsible, contextual quantitative input alongside qualitative peer judgement - reform of use, not prohibition of all metrics.",https://www.coara.org/agreement/the-commitments/,checked,
RAM-037,Expert,Research Assessment & Metrics,research-metrics; responsible-assessment; equity-inclusion,What is the 'Matthew effect' in the context of research recognition and metrics?,A phenomenon in which eminent researchers accrue disproportionately more recognition and citations,A specific type of statistical error that occurs when counting citations,A particular method used for normalizing citation counts across fields,A specific type of open license applied to research publications,A form of peer-review bias that specifically works against senior researchers,a,"The Matthew effect describes cumulative advantage: prominence attracts further citations, funding, and attention regardless of intrinsic merit, so citation-based metrics can entrench existing hierarchies rather than neutrally measure quality.",https://en.wikipedia.org/wiki/Matthew_effect,checked,
RAM-038,Expert,Research Assessment & Metrics,research-metrics; responsible-assessment,Why are altmetrics considered complementary indicators rather than measures of research quality?,Because altmetrics use the same underlying data sources as traditional citation counts,Because altmetrics track only attention and uptake within academic circles,Because altmetric data mostly comes from sources that have been through peer review,Because altmetrics are designed to replace traditional citation analysis as the primary quality signal,"Because they capture attention, which can be gamed and doesn't indicate scholarly merit",e,"Altmetrics measure how much and where an output is discussed, but attention can stem from controversy or promotion and can be manipulated; they usefully complement citations by showing broader reach, yet do not certify quality.",https://pmc.ncbi.nlm.nih.gov/articles/PMC8253863/,checked,
RAM-039,Expert,Research Assessment & Metrics,responsible-assessment; authorship-credit; equity-inclusion,A committee wants to assess a candidate's 'contribution to team science' fairly. Which approach best reflects responsible assessment principles?,"Use CRediT and narrative evidence to recognize varied roles, not just lead-author JIF outputs",Rank all of the candidates by summing the Journal Impact Factors of their first-author papers,Simply count the candidate's total number of publications and stop there,Use the candidate's raw h-index score as the sole deciding criterion,Require that the candidate have only ever published sole-authored papers,a,"Team science contributions are often invisible to conventional metrics, which tend to credit only first and last authors. Responsible assessment instead uses tools like the CRediT taxonomy, alongside narrative evidence, to recognize the specific roles each team member played, rather than relying on lead-author placement in high-JIF venues as a proxy for contribution.",https://pmc.ncbi.nlm.nih.gov/articles/PMC7455215/,checked,
RAM-040,Expert,Research Assessment & Metrics,research-metrics; responsible-assessment; metadata,"Why does the open-research-information movement (e.g., the Barcelona Declaration) argue that assessment reform depends on open metadata infrastructure?",Because open metadata is easier for a single vendor to maintain and update,Because reproducible evaluation needs the underlying data to be open and independently verifiable,Because moving to open metadata infrastructure entirely eliminates the need for traditional metrics,Because proprietary citation databases tend to undercount non-English-language research,Because the open research information movement specifically mandates universal use of the Journal Impact Factor,b,"Reforming assessment toward transparency and reproducibility is undercut if the data feeding evaluations is closed and unverifiable; open research information (open metadata, open citations) lets analyses be checked and reduces dependence on opaque commercial sources.",https://barcelona-declaration.org/,checked,
RAM-041,Expert,Research Assessment & Metrics,research-metrics; responsible-assessment,"Why did eLife's shift to a 'publish-review-curate' model lead Web of Science to stop assigning it a Journal Impact Factor, and what does this reveal about the JIF's assumptions?",Because eLife's published articles simply began attracting far too few citations from other researchers overall,"Because eLife formally merged its entire publishing operation with a separate, previously independent journal",Because eLife publishes reviewed preprints with assessments regardless of an accept/reject gate,Because eLife's reviewed preprints are not considered a distinct output type from standard journal articles,Because eLife made the deliberate decision to stop conducting any form of peer review on its submissions,c,"eLife's model publishes papers with public reviews and eLife Assessments rather than issuing binary accept/reject decisions; Web of Science's indexing (and thus JIF assignment) presumes conventional selective publishing, so eLife was only partially indexed - exposing the JIF's built-in assumption of accept/reject gatekeeping.",https://elifesciences.org/inside-elife/c11c6101/the-elife-model-an-update-on-progress-following-changes-in-web-of-science-indexing-status,checked,
RAM-042,Expert,Research Assessment & Metrics,research-metrics; responsible-assessment,What is a fundamental methodological criticism of the h-index beyond field and career-stage dependence?,It can be artificially inflated through coordinated self-citation,It treats a highly-cited single-author paper the same as a highly-cited paper with fifty co-authors,"It conflates productivity and impact into one number, insensitive to outliers",It rewards steady moderate output more than a small number of highly influential papers,It is a metric that counts citations intended to negatively criticize a paper,c,"Once a paper exceeds h citations, additional citations do not raise the h-index, so a researcher with a few extremely influential papers is not distinguished from one with many moderately cited ones; the single number discards information about the citation distribution's shape.",https://en.wikipedia.org/wiki/H-index,checked,
RAM-043,Expert,Research Assessment & Metrics,research-metrics; responsible-assessment,"How can well-intentioned quantitative targets in research assessment produce 'perverse incentives', and what does responsible assessment propose instead?",Quantitative targets in research assessment carry no behavioral side effects worth considering,The proposed solution is for researchers to publish only in the highest-Impact-Factor journals,"The proposed solution is to impose even stricter, more demanding, and more narrowly numeric targets on individual researchers","Targets like publication counts can drive salami-slicing; the proposed remedy favors qualitative, contextual judgement",The proposed solution is to remove peer review from the assessment process,d,"Numeric targets can incentivize gaming, such as salami-slicing work into the smallest publishable units to inflate counts, a dynamic Goodhart's law predicts whenever a measure becomes a target. Responsible assessment frameworks respond not by imposing stricter numeric targets, but by centering expert qualitative judgement and using metrics only as transparent, contextual support.",https://en.wikipedia.org/wiki/Goodhart's_law,checked,
RAM-044,Expert,Research Assessment & Metrics,research-metrics; responsible-assessment,"What does the Field-Weighted Citation Impact (FWCI) metric specifically normalize for, compared to a raw citation count?",It corrects only for differences in journal subscription pricing across publishers,"It corrects for differences in field, publication type, and publication year simultaneously",It corrects only for the number of authors listed on each publication,It corrects for citation counts by converting them into a fixed monetary value,It corrects only for the language in which a publication was written,b,"FWCI compares a publication's actual citations to the number expected for similar publications, matched by subject field, document type, and publication year, so a score of 1 means the output performs exactly as expected, and above or below 1 reflects better or worse performance than that specific benchmark group.",https://service.elsevier.com/app/answers/detail/a_id/14894/kw/FWCI/supporthub/scopus/,checked,
RAM-045,Intermediate,Research Assessment & Metrics,research-metrics; responsible-assessment; equity-inclusion,Why should citation counts be interpreted with attention to the field and age of a publication?,"Because older papers simply have less time to accumulate citations, all else being equal",Because citation counts differ depending on which single database is used to tally them,Because which papers get cited is ultimately governed by pure random chance,Because citation rates vary widely by discipline and accumulate over time,Because citations are mostly accumulated by formal review articles,d,"Different fields cite at very different rates and citations build up over years, so a fair reading requires normalizing by field and publication age rather than comparing raw totals directly.",https://www.leidenmanifesto.org/,checked,
RAM-046,Intermediate,Research Assessment & Metrics,research-metrics; responsible-assessment,What is the main idea behind using a 'basket of metrics' rather than a single indicator in evaluation?,Because no single metric captures research quality or impact,Because it allows rankings to be generated with no human input,Because it provides a mathematical guarantee of complete objectivity,Because it replaces the role that formal peer review currently plays,Because it simply makes the overall evaluation process faster to complete,a,"Relying on one number invites gaming and misses dimensions of research; a thoughtfully chosen set of indicators, used alongside qualitative judgement, better reflects varied contributions and reduces the distortion any single metric creates.",https://www.leidenmanifesto.org/,checked,
RAM-047,Beginner,Research Assessment & Metrics,research-metrics,What does the term 'bibliometrics' refer to?,The visual and aesthetic design work that goes into a book's cover,The process libraries use to catalogue and classify books by subject,The study of how journals set and adjust their subscription pricing,The quantitative analysis of publications and their citations,The formal ethical rules that govern who counts as an article's author,d,"Bibliometrics is the use of quantitative methods - counting and analyzing publications, citations, and related data - to study and measure aspects of scholarly output and communication.",https://en.wikipedia.org/wiki/Bibliometrics,checked,
RAM-048,Intermediate,Research Assessment & Metrics,research-metrics; responsible-assessment; equity-inclusion,Why is it problematic to compare researchers using the raw h-index across different career stages?,Because the h-index does not account for the number of co-authors on a paper,Because the h-index already adjusts for how long a researcher has been active,Because the h-index treats a highly-cited early paper the same as a recently-published one,Because a researcher's h-index score can decrease over time as older papers are excluded,Because the h-index tends to grow with time and total output,e,"Since the h-index depends on accumulated citations and number of publications, it rises over a career; comparing an early-career researcher's h-index directly with a senior one's disadvantages the former irrespective of quality.",https://en.wikipedia.org/wiki/H-index,checked,
RAM-049,Expert,Research Assessment & Metrics,research-metrics; responsible-assessment,How should an FWCI (Field-Weighted Citation Impact) score of 1.4 be interpreted?,"The publication has been cited 1.4 times more than a raw, unweighted citation count would suggest","The publication was cited about 40% more than the expected average for similar publications in its field, type, and year",The publication ranks in the top 1.4% of all publications indexed in Scopus,The publication's Journal Impact Factor is 1.4 points higher than the field average,The publication received 1.4 citations per co-author listed,b,"An FWCI of 1.4 means a publication was cited 40% more than the number expected for similar publications, matched by field, document type, and publication year. A score of exactly 1 represents the expected average for that benchmark group; the score is a ratio against that specific baseline, not a percentile rank, a raw citation multiplier, or a JIF-related figure.",https://service.elsevier.com/app/answers/detail/a_id/14894/kw/FWCI/supporthub/scopus/,checked,
RAM-050,Expert,Research Assessment & Metrics,responsible-assessment; policy-compliance,How do funder mandates interact with research-assessment reform (DORA/CoARA) to reshape incentives?,"They operate on separate tracks, with assessment reform following mandates only afterward",Assessment reform is fundamentally about refining how Journal Impact Factor gets calculated,Open access and data-sharing mandates change what researchers must do,"Because mandates are compliance-driven and reform is values-driven, they pull in opposing directions","By valuing diverse non-journal outputs, assessment reform reduces the incentive to publish openly",c,"Mandates set requirements (open access, FAIR data, PIDs) but can feel like compliance burdens unless evaluation also rewards these practices",https://link.springer.com/article/10.1007/s11192-026-05650-w,checked,
RDM-001,Beginner,Research Data Management,fair-data; metadata,What do the four letters in the FAIR data principles stand for?,"Formatted, Archived, Interlinked, Referenced","Federated, Authenticated, Immutable, Reviewed","Findable, Accessible, Interoperable, Reusable","Free, Accessible, Indexed, Reproducible","Fast, Automated, Integrated, Reliable",c,"FAIR stands for Findable, Accessible, Interoperable, and Reusable; the principles guide how research data and metadata should be managed to maximise reuse, including by machines.",https://www.go-fair.org/fair-principles/,checked,
RDM-002,Beginner,Research Data Management,repositories; preservation,What is re3data primarily used for?,Calculating and publishing journal impact factor scores every year,Finding and comparing research data repositories,Detecting plagiarism in submitted research manuscripts,Assigning permanent ORCID iDs to individual researchers,Hosting preprints before they undergo formal peer review,b,"re3data.org is a global, cross-disciplinary registry of research data repositories that researchers, funders, and librarians use to find where to deposit or locate data.",https://www.re3data.org/about,checked,
RDM-003,Beginner,Research Data Management,data-management-plans,A 'data management plan' (DMP) is best described as:,A piece of code written to run a specific statistical analysis on a dataset,A marketing plan designed to promote and advertise a published dataset,A license that transfers data ownership to a funder,A document describing how research data will be managed and preserved,A paid subscription that grants ongoing access to a data repository,d,"A data management plan is a formal document that outlines what a researcher will do with their data during and after a research project, including storage, metadata, sharing, and preservation, and is often required by funders.",https://dmptool.org/general_guidance,checked,
RDM-004,Intermediate,Research Data Management,fair-data; data-sharing; data-ethics,"A dataset is in a restricted-access repository requiring an application to obtain it, but it has rich standardized metadata and a clear reuse license. Can it still be considered FAIR?","No, because restricted data cannot have a persistent identifier","No, because FAIR and access controls are mutually exclusive","Yes, but only if the data is also released under a CC0 public domain license","Yes, because FAIR permits access controls when data remains discoverable","No, because FAIR requires all data to be openly and freely available",d,FAIR is not equal to open,https://www.go-fair.org/resources/faq/ask-question-difference-fair-data-open-data/,checked,
RDM-005,Beginner,Research Data Management,data-sharing; repositories,Which research output does the Zenodo repository accept?,Preprints from the field of physics are accepted for deposit,Peer-reviewed journal articles that have already been published,Outputs that originate from EU-funded research projects,Raw datasets collected from experiments run at CERN,"Outputs of any size, format, and discipline, without restriction",e,"Zenodo, operated by CERN with OpenAIRE, is a catch-all repository accepting data, software, and many other output types without restrictions on format, size, or discipline, and assigns a DataCite DOI to deposits.",https://about.zenodo.org/,checked,
RDM-006,Intermediate,Research Data Management,data-sharing; repositories,What is the common convention for when scientific data underlying a publication should be shared?,Sharing is encouraged but never required,"As soon as possible, no later than the time of the associated publication",Within five years of the grant ending,Only if another researcher formally requests it,Ten years after data collection,b,Major journals and funders converge on the same minimum bar,https://www.springernature.com/gp/authors/research-data-policy/data-availability-statements,checked,
RDM-007,Expert,Research Data Management,fair-data; data-ethics; indigenous-data-governance,What do the CARE Principles for Indigenous Data Governance add relative to the FAIR principles?,They completely replace FAIR with much stricter technical requirements,"They function as a licensing scheme, similar to Creative Commons",They define standardized metadata schemas for use by repositories,"They add an ethical, rights-based layer emphasizing Indigenous authority",They apply only to genomic and biomedical data specifically,d,"CARE (Collective Benefit, Authority to Control, Responsibility, Ethics) is people- and purpose-oriented, complementing the data-oriented FAIR principles by foregrounding Indigenous Peoples' rights, self-determination, and the ethical purposes for which data is used, rather than replacing or restricting FAIR's technical focus.",https://www.gida-global.org/careprinciples,checked,
RDM-008,Expert,Research Data Management,fair-data; metadata,Which statement best captures the difference between 'findable' and 'accessible' in FAIR?,"Findable applies only to individual data files, while accessible applies only to software packages","Findable requires the user to make a payment to a repository, whereas accessible never does",They are simply synonyms that mean exactly the same thing in every context,Findable means locatable via a PID and metadata; accessible means retrievable via a standard protocol,Findable means the data has been openly licensed; accessible means it is indexed by Google Search,d,"Findability concerns persistent identifiers and rich, indexed metadata so resources can be located; accessibility concerns retrieving them via standardized, open protocols (with authentication where needed) once located.",https://www.go-fair.org/fair-principles/,checked,
RDM-009,Expert,Research Data Management,fair-data,Why can a dataset be considered high quality in one research context but poor quality in another?,Because data quality is context-dependent: intrinsically accurate data can still have poor contextual fit for a given task,Because accuracy is the only real dimension of data quality,"Because data quality depends solely on how recently the data was collected, independent of its intended use","Because once metadata is added, contextual factors like relevance and completeness no longer affect quality","Because data quality assessments transfer directly across fields, so data judged high quality in one discipline is high quality in every discipline",a,"Data quality is commonly defined as ""fit for purpose,"" making it inherently context-dependent: the same data may be high quality for one use and poor quality for another. Data can have high intrinsic quality, such as accuracy and objectivity, independent of use, while still having poor contextual quality, such as low relevance, completeness, or timeliness, for a specific task at hand. Quality is multidimensional, so no single factor determines it, and assessments don't transfer automatically across different uses or fields.",https://rdm.mpdl.mpg.de/before-research/data-quality/,checked,
RDM-010,Beginner,Research Data Management,fair-data; metadata,What is metadata in the context of research data?,Structured information that describes data,"The raw, completely unprocessed measurements that were collected during the study",A backup copy of the dataset that is kept stored on a separate server,The specific software program that was used to analyze the data,"A formal citation that points to a separate, related journal article",a,"Metadata is ""data about data"": descriptive information such as title, creator, date, method, variables, and rights/license that makes a dataset findable, understandable, and reusable by people and machines.",https://dmptool.org/general_guidance,checked,
RDM-011,Beginner,Research Data Management,preservation,"Why are open file formats (e.g., CSV, TXT, PNG) generally preferred over proprietary ones (e.g., XLSX, a vendor's binary format) for long-term data preservation?",Open formats remain readable without needing specific commercial software,Proprietary formats are less secure than open formats,Open formats are usually smaller in file size than proprietary ones,Open formats automatically generate and attach metadata to the file,Open formats generally compress data more efficiently than proprietary ones,a,"Open, non-proprietary formats are documented and not tied to particular software or vendors, so data stored in them is far more likely to remain accessible years later, even if specific applications disappear.",https://howtofair.dk/how-to-fair/file-formats/,checked,
RDM-012,Beginner,Research Data Management,preservation,What is the '3-2-1 rule' commonly recommended for research data backup?,"Use 3 passwords, 2 encryption keys, 1 firewall","Back up 3 times a day, 2 times a week, 1 time a month","Keep data for 3 years, then 2, then delete after 1","Keep 3 copies on 2 media types, with 1 copy off-site","Share with 3 people, 2 institutions, 1 repository",d,"The 3-2-1 backup rule advises keeping at least three copies of your data, stored on two different types of media or systems, with at least one copy off-site, to guard against loss from hardware failure, disaster, or error.",https://nfdi4chem.de/3-2-1-rule/,checked,
RDM-013,Beginner,Research Data Management,fair-data; metadata,What is a README file in a dataset?,A plain-text file explaining a dataset's contents and structure,A formal license agreement that governs how the dataset may be used,A log recording everyone who has downloaded the data,A compressed zip archive containing all of the data files,A citation for the dataset that is generated automatically by the repository,a,"A README is a plain-text (or Markdown) document accompanying a dataset that describes its files, variables, methods, units, and any information a future user needs to understand and correctly reuse the data.",https://data.research.cornell.edu/data-management/sharing/readme/,checked,
RDM-014,Beginner,Research Data Management,data-sharing; repositories; preservation,What is a 'data repository'?,An introductory textbook used to teach the basic concepts of statistics,A software application used to manage and format bibliographic citations,A spreadsheet program used to enter figures and perform simple calculations,A type of external hard drive commonly used to back up personal files,An online service that stores and preserves research datasets,e,"A data repository is a place where digital objects can be stored and shared, whether institutional, disciplinary, or general-purpose like Zenodo or Dryad. Repositories typically assign a persistent identifier such as a DOI, making datasets findable, citable, and accessible.",https://book.the-turing-way.org/reproducible-research/rdm/rdm-repository/,checked,
RDM-015,Beginner,Research Data Management,data-sharing; licensing,Why is it good practice to assign a license to a shared dataset?,Licenses substantially increase the overall file size of a dataset,Reusers may not know what they're legally allowed to do with the data,Licenses guarantee that the data itself is accurate and correct,Attaching a license automatically assigns the dataset a DOI,Licenses cause the dataset to be hidden from search engines,b,"An explicit license (e.g., CC0 or CC BY) tells reusers what they may legally do with the data; absent a clear license, reuse rights are uncertain and cautious users may avoid the data even if it is downloadable.",https://www.dcc.ac.uk/guidance/how-guides/license-research-data,checked,
RDM-016,Beginner,Research Data Management,data-sharing; repositories,Which is an example of general (cross-disciplinary) data repository as opposed to a domain-specific one?,GenBank (for genetic sequences),Protein Data Bank (for protein structures),UniProt (for protein sequences),Zenodo (accepts data from any field),ICPSR (for social science data),d,"Zenodo, Figshare, and Dryad are general-purpose repositories accepting data from any discipline, whereas GenBank, the Protein Data Bank, ICPSR, and UniProt are domain-specific repositories for particular data types.",https://book.the-turing-way.org/reproducible-research/rdm/rdm-repository/#rr-rdm-repository-types,checked,
RDM-017,Beginner,Research Data Management,data-management-plans,When is the best time to start thinking about how research data will be managed?,Once the data collection and analysis are fully complete,"At the proposal/planning stage, before data collection begins",When preparing the manuscript for journal submission,Only when a funder specifically requires a formal audit,When a repository asks for it at the point of deposit,b,"Data management is most effective when planned at the outset - in the proposal or project-planning stage - so that decisions about formats, storage, documentation, consent, and sharing are made before data is collected, not retrofitted later.",https://ukdataservice.ac.uk/learning-hub/research-data-management/plan-to-share/data-management-planning-overview/,checked,
RDM-018,Beginner,Research Data Management,data-sharing; data-ethics; human-subjects,What does 'sensitive data' typically refer to in research data management?,Any data file that happens to be larger than one gigabyte in total size,Data that could cause harm or legal issues if disclosed,Data that simply happens to be unusually difficult or time-consuming to analyze,"Data that is, for the time being, simply stored locally on a researcher's own laptop",Data belonging to a study that has not yet gone through a full round of formal peer review,b,"Sensitive data includes identifiable human data and other sensitivities such as locations of endangered species, archaeologically sensitive areas, or sensitive military and governmental data; disclosure of such data could cause harm or breach law or ethics.",https://www.springernature.com/gp/authors/research-data-policy/sensitive-data,checked,
RDM-019,Beginner,Research Data Management,data-sharing; repositories; metadata,What is the purpose of a 'data availability statement' in a journal article?,To describe the methods used to collect the data,To state which license the article itself is published under,To tell readers how the underlying data can be accessed,To disclose any conflicts of interest the authors may have,To summarize the article's key findings in one sentence,c,"A data availability statement tells readers where and how the data behind the findings can be accessed, for example via a repository link or persistent identifier, describes what data are available, or explains why data cannot be shared, supporting transparency and reuse.",https://www.springernature.com/gp/authors/research-data-policy/data-availability-statements,checked,
RDM-020,Beginner,Research Data Management,data-sharing; licensing,Which license waiver is commonly recommended for maximizing reuse of research data specifically?,"CC0, a public domain dedication with no conditions attached",A signed non-disclosure agreement between two parties,"The GPL, a license originally designed for software",Marking the dataset 'all rights reserved' with no reuse permitted,"CC BY-NC-ND, which restricts both commercial use and adaptation",a,"CC0 is widely recommended for data because it waives copyright and related rights entirely, avoiding attribution-stacking problems when data from many sources are combined; norms of scholarly citation still encourage crediting the source.",https://blog.datadryad.org/2023/05/30/good-data-practices-removing-barriers-to-data-reuse-with-cc0-licensing/,checked,
RDM-021,Beginner,Research Data Management,data-sharing,What is 'file naming convention' good practice intended to achieve?,To make files load and open faster ,To satisfy journal's publishing requirements,To comply with a specific font and formatting style,"To use consistent, descriptive, machine-friendly file names",To make file names as short as possible to save space,d,"A file naming convention uses consistent, documented elements — such as project title, unique identifier, date, and version — so files remain organized, sortable, and identifiable to collaborators and your future self, and so the 'correct' version is never in doubt.",https://dmptool.org/general_guidance,checked,
RDM-022,Beginner,Research Data Management,computational-reproducibility,What is 'version control' in the context of managing data and code?,"Saving multiple copies of a file with different names (e.g., ""final_v2"")",Automatically backing up files to the cloud every night,Tracking changes over time so you can see what changed and revert,Restricting who is allowed to open or edit a file,Compressing files to reduce their storage size,c,"Version control tracks changes to files over time (often with tools like Git), so collaborators can see what changed, understand why, and revert to earlier versions instead of relying on ambiguously named file copies.",https://book.the-turing-way.org/reproducible-research/vcs/,checked,
RDM-023,Intermediate,Research Data Management,fair-data; data-sharing; data-ethics,Does making data 'FAIR' mean the data must be freely and openly available to everyone?,"Yes, FAIR and open access are ultimately just two names for the same concept","Yes, FAIR-compliant data must always and without exception be released under a CC0 license","No - FAIR concerns findability, accessibility (under clearly stated conditions), interoperability, and reusability","No, FAIR data can never legitimately be shared with any other person or organization","Yes, but this openness requirement only applies to data from publicly funded research",c,"FAIR is not equal to open. The 'A' in FAIR stands for accessible under clearly defined conditions, which can include authentication and authorization for legitimate reasons like privacy, security, or competitiveness. FAIR data doesn't need to be open, but it does need a clear, preferably machine-readable license governing reuse. Sensitive data can be FAIR while access is appropriately restricted ('as open as possible, as closed as necessary').",https://www.go-fair.org/resources/faq/ask-question-difference-fair-data-open-data/,checked,
RDM-024,Intermediate,Research Data Management,data-management-plans; fair-data; metadata,What is a 'machine-actionable' Data Management Plan (maDMP)?,A DMP whose entire text has been written from start to finish by an artificial intelligence system,"A DMP that exists only as a single, static, unstructured PDF document with no underlying structure",A DMP that is somehow capable of automatically running the project's statistical analysis itself,A DMP that has been written entirely and exclusively using formal programming code,"A DMP whose information is structured so that systems can exchange, update, and act on it automatically",e,"Traditional DMPs are free-form text documents. A machine-actionable DMP instead structures plan information using a shared application profile, such as the RDA DMP Common Standard, so that systems can automatically exchange, integrate, validate, and update the plan across the research lifecycle.",https://doi.org/10.15497/rda00039,checked,
RDM-025,Intermediate,Research Data Management,repositories; preservation,What does CoreTrustSeal certify?,That every dataset it hosts is factually accurate,That a data management plan has been formally approved,That a repository meets core trustworthy-repository requirements,That the data is stored using an open file format,That a researcher has completed mandatory data-handling training,c,"CoreTrustSeal is a certification a data repository can earn by demonstrating it meets the CoreTrustSeal Trustworthy Data Repositories Requirements. It reflects the characteristics of a trustworthy repository, not the accuracy of any single dataset it hosts.",https://www.coretrustseal.org/why-certification/requirements/,checked,
RDM-026,Beginner,Research Data Management,fair-data; data-ethics; indigenous-data-governance,What do the four letters in the CARE Principles for Indigenous Data Governance stand for?,"Collective Benefit, Authority to Control, Responsibility, Ethics","Consent, Access, Reuse, Equity","Curation, Attribution, Reproducibility, Ethics","Collaboration, Accountability, Rights, Evaluation","Confidentiality, Access, Retention, Ethics",a,"CARE stands for Collective Benefit, Authority to Control, Responsibility, and Ethics. Developed by the Global Indigenous Data Alliance (GIDA), the principles are people- and purpose-oriented, complementing FAIR by centering Indigenous Peoples' rights, interests, and self-determination in data governance.",https://doi.org/10.5334/dsj-2020-043,checked,
RDM-027,Intermediate,Research Data Management,data-sharing; data-ethics; human-subjects,What is the difference between anonymization and pseudonymization of personal data?,Anonymization irreversibly removes identifiability; pseudonymization uses reversible codes instead,"Anonymization and pseudonymization are, in practical terms, simply identical concepts describing the exact same process",Pseudonymization provides considerably stronger and more complete protection for privacy than full anonymization does,"Anonymization is a technique that, by definition, can only ever be applied to photographic and video images",Pseudonymization works by permanently and irreversibly deleting the underlying personal data outright,a,"Truly anonymized data cannot be traced back to individuals and generally falls outside data-protection law; pseudonymized data uses codes/keys so re-identification remains possible with the key, so it is still regulated personal data.",https://gdpr-info.eu/recitals/no-26/,checked,
RDM-028,Beginner,Research Data Management,data-sharing; data-citation; repositories,What is a 'data paper' (published in a data journal)?,A peer-reviewed publication that describes a dataset,A preliminary preprint version of a dataset that has not yet been formally published,A formal editorial notice retracting a previously published journal article,A published academic paper that does not actually contain any underlying data,A journal article notable mainly for being printed on recycled paper stock,a,"A data paper is a scholarly, citable, peer-reviewed article whose purpose is to describe a dataset in depth so others can find, understand, and reuse it; the emphasis is on the data and its documentation rather than on hypotheses or results.",https://www.gbif.org/data-papers,checked,
RDM-029,Intermediate,Research Data Management,fair-data; metadata,Which metadata standard is specifically used to describe datasets when minting DOIs through DataCite?,MARC21,BibTeX,ISSN-L,The DataCite Metadata Schema,WikiData,d,"DataCite defines its own Metadata Schema (a set of properties like Creator, Title, Publisher, PublicationYear, ResourceType) that registrants use when creating DOIs for datasets and other outputs through DataCite.",https://schema.datacite.org/,checked,
RDM-030,Beginner,Research Data Management,repositories,What is the Research Data Alliance (RDA)?,A commercial company whose main business is selling data-hosting and storage services,"A single, centralized global data repository that stores every dataset in one place",A private philanthropic funder that distributes grants specifically for data collection projects,An international organization that builds infrastructure for open data sharing,A commercial ranking service that publishes annual rankings of data journals,d,"The RDA is a member-driven international organization whose working and interest groups develop and adopt community recommendations and standards (e.g., data citation, DMP common standards) to reduce barriers to data sharing across disciplines and borders.",https://www.rd-alliance.org/about/,checked,
RDM-031,Intermediate,Research Data Management,data-sharing; repositories; preservation,"Why is depositing data in a domain-specific repository (e.g., GenBank, PDB, ICPSR) often preferred over a general one when a suitable one exists?","Domain repositories enforce community metadata standards, formats, and curation appropriate to that data type","General repositories offer broader visibility, since they attract a larger cross-disciplinary audience","General repositories are simpler to search, since they aren't organized around technical taxonomies",Domain-specific repositories are preferred mainly because they assign a larger number of DOIs,"General repositories typically charge deposit fees, while domain-specific ones are always free",a,"Discipline-specific repositories are likely to have more functionality for the type of data being shared and community metadata standards that make deposits more FAIR, discoverable, and reusable by that community; funders and journals often mandate them for specific data types where one exists.",https://book.the-turing-way.org/reproducible-research/rdm/rdm-repository,checked,
RDM-032,Beginner,Research Data Management,fair-data; metadata,What is a 'data dictionary' (codebook)?,A curated list recommending which specific data repositories a researcher ought to use for deposit,A document that defines each variable/field in a dataset,A general-purpose dictionary defining technical jargon that is commonly used within a given field,"A complete, separately stored backup copy of the entire dataset kept on another server",A formal licensing agreement document that is attached directly alongside the dataset,b,"A data dictionary or codebook lists and defines every variable in a dataset (name, description, data type, units, permitted values, and codes for categories/missing data), which is essential for others to interpret and reuse the data accurately.",https://datamanagement.hms.harvard.edu/collect-analyze/documentation-metadata/data-dictionary,checked,
RDM-033,Intermediate,Research Data Management,fair-data; metadata,"Under the FAIR principles, what does 'Interoperable' primarily require of data and metadata?","That data and metadata use shared, standard formats so they can be combined",That the dataset in question has undergone a full round of formal peer review,That the data is made available to absolutely everyone completely free of charge,That the data is physically and exclusively stored within a single named country,That the dataset has accumulated an unusually high number of citations over time,a,"Interoperability means using standardized, formal, and widely used vocabularies, ontologies, and formats (and qualified references to other data/metadata) so that datasets can be integrated and machines can process them together.",https://www.go-fair.org/fair-principles/,checked,
RDM-034,Intermediate,Research Data Management,data-sharing; repositories,What distinguishes 'data sharing' from 'data publishing'?,The two terms are identical in every conceivable respect and can always be used completely interchangeably,"Data publishing is legally prohibited entirely unless the underlying dataset has an associated, formally filed patent","Data sharing always and necessarily requires assigning the dataset its own dedicated, persistent DOI beforehand","Data publishing means formally releasing curated data with documentation, a PID, and a license so it's citable",Data sharing simply means formally selling the dataset outright to an interested commercial third party,d,"Data publishing is a formal act - depositing curated, documented data in a repository with a PID and license so it is discoverable, citable, and preserved - whereas 'sharing' can range from informal transfer on request to that formal publication.",https://libraryguides.mcgill.ca/c.php?g=718144&p=5127407,checked,
RDM-035,Intermediate,Research Data Management,data-sharing; repositories,An author writes 'data available upon reasonable request' as their data availability statement. What is a well-documented limitation of this approach?,It raises copyright concerns that prevent the data from ever being legally reused,It shifts the burden of long-term data preservation onto the original authors rather than a dedicated repository,"It is functionally equivalent to formal repository deposit, just without an assigned DOI","It is discouraged by some journals and funders, but is still treated as compliant with most current data-sharing mandates",Studies have found such requests frequently go unanswered or are refused,e,"Multiple independent studies across disciplines have found that ""available on request"" rarely delivers. Success rates for such requests have ranged from as low as 6.8% to around 39% on average, with some studies reporting refusal even after repeated follow-up. This is a key reason funders and journals increasingly prefer deposit in a dedicated repository over this kind of pledge.",https://www.csescienceeditor.org/article/fair-data-what-it-is/,checked,
RDM-036,Intermediate,Research Data Management,repositories; preservation,What is the primary aim of the TRUST Principles for digital repositories?,To rank data repositories against one another purely according to their overall storage size,"To provide a framework of principles - Transparency, Responsibility, User focus, Sustainability, Technology",To completely replace and entirely supersede the existing FAIR principles altogether,"To formally certify, one dataset at a time, the scientific quality of individual research data",To set the specific article processing charges that individual journals are permitted to bill,b,"The TRUST Principles (Transparency, Responsibility, User focus, Sustainability, Technology) give repositories and their stakeholders a shared framework and vocabulary for building and signaling trustworthiness, complementing FAIR (which concerns the data).",https://www.nature.com/articles/s41597-020-0486-7,checked,
RDM-037,Expert,Research Data Management,fair-data; data-ethics; indigenous-data-governance,How do the FAIR and CARE principles relate when working with Indigenous data?,"FAIR governs how the data is technically managed, while CARE only applies once a dataset is formally published in a repository","CARE only applies to metadata, while FAIR only applies to the underlying data files themselves",FAIR takes precedence whenever the two frameworks give conflicting guidance on a specific dataset,"CARE is a certification a repository can earn, similar to CoreTrustSeal, rather than a set of guiding principles",They are applied together: FAIR guides technical stewardship while CARE adds people-and-purpose governance,e,CARE complements FAIR by foregrounding Indigenous Peoples' rights and self-determination,https://www.gida-global.org/care,checked,
RDM-038,Expert,Research Data Management,data-sharing; data-citation; repositories,What is the significance of assigning a DOI to a specific version of a dataset rather than only to 'the dataset' in general?,"It replaces the need for a separate ""concept"" DOI that represents all versions together","It means each version must be cited using a different, incompatible citation format","It matters only for software packages, not for datasets, since data doesn't have real ""versions""",It lets a citation point to the exact data version used,"It embeds the version number directly into the DOI string itself, so "".v2"" always means version two",d,"Datasets evolve, so version-specific DOIs let a citation point to the precise version analyzed, letting results be checked against the same data even after the dataset is later updated. This coexists with a separate ""concept"" DOI representing all versions together. Notably, DOIs do not embed version numbers in the identifier string itself, since that information could change over time while DOIs must remain persistent",https://support.zenodo.org/help/en-gb/1-upload-deposit/97-what-is-doi-versioning,checked,
RDM-039,Expert,Research Data Management,fair-data; data-sharing; data-ethics,"Why can over-aggressive anonymization sometimes conflict with FAIR/reuse goals, and how is this tension typically managed?","It can strip too much analytic detail, so a tiered approach combining anonymization with controlled access is typically used","It applies only to quantitative survey data, since qualitative and text data cannot be meaningfully anonymized","The typical resolution is to anonymize once at the end of the project, rather than planning it throughout","The recommended solution is to rely on participant consent forms alone, without any technical anonymization","The recommended solution is to restrict access entirely, without applying any anonymization at all",a,"Anonymisation, participant communication, and access controls work together rather than substituting for one another. Anonymisation reduces reidentification risk but heavy de-identification can strip detail needed for reuse",https://ukdataservice.ac.uk/learning-hub/data-producer-support/preparing-data-for-sharing-and-reuse/anonymising-data-and-protecting-participants/,checked,
RDM-040,Expert,Research Data Management,data-sharing; data-citation; repositories,What role do 'data citations' with persistent identifiers play in the scholarly ecosystem beyond simple attribution?,They give data the same legal copyright protection as a publication,"They make datasets first-class, trackable research outputs",They confirm the data has been peer reviewed and formally vetted before it can be cited,They guarantee the data will remain accessible at that identifier forever with no risk of loss,They substantially increase the dataset's file size on disk,b,"Data citation with persistent identifiers lets datasets be tracked like articles, connecting publications to underlying data, enabling metrics of reuse, and supporting recognition of data work in research assessment. As FORCE11's Joint Declaration puts it, data should be considered ""legitimate, citable products of research,"" part of the same scholarly ecosystem as publications.",https://force11.org/info/joint-declaration-of-data-citation-principles-final/,checked,
RDM-041,Expert,Research Data Management,data-sharing; data-ethics; human-subjects,"A funder requires data to be shared 'as open as possible, as closed as necessary'. How should a researcher with sensitive human-subjects data comply?",Simply refuse to share any portion of the data ,"Share the data completely openly, regardless of what participants originally consented to",Deposit open metadata and provide data via controlled access with consent,Share only the data dictionary and relevant metadata,"Share the data only privately, and only with the funder's own internal staff",c,"As open as possible, as closed as necessary means data may be kept closed where openness would conflict with data protection, privacy, or confidentiality obligations, provided the restriction is justified in the Data Management Plan. In practice this means depositing open, discoverable metadata while providing the sensitive data itself through controlled access governed by consent and data-use agreements, rather than either full openness or a blanket refusal to share.",https://rea.ec.europa.eu/open-science_en,checked,
RDM-042,Expert,Research Data Management,fair-data; data-sharing; computational-reproducibility,Why is 'reproducibility of data processing' aided by sharing analysis code and a described computational environment alongside the data?,Because the code and environment let others regenerate the results,Because sharing the code lets others verify the results without needing the original data at all,Because sharing the code entirely replaces the need to also share the underlying data,"Because listing the software names used is sufficient, without needing exact versions or dependencies",Because a shared analysis environment guarantees identical results on any future hardware,a,"The Turing Way defines reproducibility in data research as data and code being available to fully rerun the analysis. Data alone often cannot be turned back into the reported results without the processing steps, and a specified environment, including exact versions and dependencies, lets others rerun the pipeline and obtain the same processed outputs",https://book.the-turing-way.org/reproducible-research/reproducible-research/,checked,
RDM-043,Expert,Research Data Management,data-management-plans; policy-compliance,What is a key reason funders increasingly require Data Management Plans to be updated during a project rather than written once?,Simply to increase the overall amount of administrative paperwork that researchers are required to complete,Because the dataset's officially assigned DOI automatically changes partway through the funded project,"Because formal data management plans legally expire after a fixed, non-renewable period of time",Because data needs and options often become clearer as a project proceeds,Because funder reviewers formally require that plans be updated by the research team on a strict monthly basis,d,"A data management plan submitted at application stage is just an initial outline; as the DCC notes, ""data plans are living documents, they will change"" since processes often evolve to respond to new opportunities or changes in the research as it proceeds.",https://www.dcc.ac.uk/guidance/how-guides/develop-data-plan,checked,
RDM-044,Expert,Research Data Management,fair-data; metadata,How does the concept of 'data provenance' support trustworthy reuse?,It records the origin and full history of the data,"It guarantees the data is accurate, since a documented history proves the results are correct","It replaces the need for a data dictionary, since provenance records already define every variable","It matters only for computational/derived data, since raw collected data has no provenance to record","It functions as a legal license, establishing who formally owns the dataset going forward",a,"Provenance is the documentation of why, how, where, when, and by whom data was produced, tracing changes from origin to destination. Well-documented provenance is essential for assessing the authenticity, credibility, trustworthiness, and reusability of data, as well as the reproducibility of results, though it supports these assessments rather than guaranteeing accuracy outright.",https://rdmkit.elixir-europe.org/data_provenance,checked,
RDM-045,Expert,Research Data Management,fair-data; data-ethics; indigenous-data-governance,What is a central governance idea behind Indigenous data sovereignty that CARE operationalizes?,That only professional academic researchers may ever legitimately decide on access,"That Indigenous data should default to full openness, with restrictions treated as a temporary exception rather than a right","That data sovereignty is primarily about where servers are physically located, i.e., data localization within national borders","That once a national government formally recognizes a Native nation's sovereignty, data governance follows automatically without further action",That Indigenous Peoples have the right to govern data about their communities,e,"Indigenous Peoples are asserting greater control over the application and use of Indigenous data and Indigenous Knowledge for collective benefit, including the right to create value from that data in ways grounded in Indigenous worldviews. This governance right exceeds narrow notions of sovereignty tied to data localization or jurisdictional rights alone. CARE operationalizes this by centering Indigenous authority over data about their own communities, complementing FAIR's technical focus with this governance dimension.",https://www.gida-global.org/care,checked,
RDM-046,Expert,Research Data Management,fair-data; data-sharing; repositories,"In debates about research data infrastructure sustainability, why is reliance on a single disciplinary repository sometimes seen as a risk, and what mitigates it?","There is no meaningful risk, since POSI requires all repositories to be run by government agencies with guaranteed funding","The recommended mitigation is to avoid certification schemes, since certification itself creates a single point of failure","If it loses funding, data could be stranded","The real risk is technical lock-in from proprietary formats, which POSI addresses solely through open-source licensing of the data itself",The real risk is that a single repository cannot mint enough DOIs to meet demand as the field grows,c,"Concentrating a field's data in one service creates a single point of failure. The Principles of Open Scholarly Infrastructure (POSI) address this directly through its ""Insurance"" commitments, including a public ""living will"" describing how assets would be transferred to a successor organisation if the repository winds down, and depositing content and data with at least one trusted third-party digital archive, alongside certification (e.g., CoreTrustSeal) as independent evidence of trustworthiness.",https://openscholarlyinfrastructure.org/,checked,
RDM-047,Expert,Research Data Management,data-management-plans; fair-data; metadata,How does the 'as machine-actionable as possible' vision for DMPs connect to the broader PID ecosystem?,By linking persistent identifiers so the plan connects to real research activity,"It does not connect to persistent identifiers or the wider PID ecosystem in any meaningful way at all, since it was designed before those systems existed","By completely replacing every existing persistent identifier scheme with the DMP document itself, so ORCID, ROR, and DOIs are no longer needed","By assigning an entirely separate, unique DOI to each and every individual sentence written within the plan, down to the smallest clause","By making the use of persistent identifiers such as ORCID and ROR entirely optional in the plan, leaving each institution to decide for itself",a,"The maDMP vision calls for using PIDs ""whenever possible"" to identify people, datasets, repositories, organizations, and other elements of the research data ecosystem, for example, ORCIDs for researchers and DOIs for datasets, so that a plan connects to real, trackable research activity rather than remaining an isolated, free-text document.",https://journals.plos.org/ploscompbiol/article?id=10.1371/journal.pcbi.1006750,checked,
RDM-048,Expert,Research Data Management,fair-data; data-sharing; data-ethics,"Why might 'FAIR' data still fail to be genuinely reusable in practice, illustrating a limitation of the principles?","Because FAIR requires open licensing, so any dataset with access restrictions cannot be considered FAIR at all",Because meeting the FAIR metadata criteria on paper does not guarantee the metadata is complete or genuinely useful in practice,"Because FAIR is about being findable and processable, not necessarily usable","Because FAIR only concerns the data itself, and does not address whether a compatible tool or software exists to actually open or process it","Because FAIR compliance is assessed once at deposit, so a dataset can remain technically FAIR even after its repository or access method breaks down",c,"Merely sharing data does not ensure it is genuinely FAIR in practice. Researchers can nominally meet metadata requirements while providing cursory, incomplete descriptions, since requirements can be circumvented with short, generic entries. FAIR can be satisfied at a technical or metadata level while data remains hard to reuse due to insufficient documentation, unstandardized metadata, or barriers in accessing the data itself, a recognized gap between ""FAIR-compliant"" and ""actually reusable.""",https://www.nature.com/articles/s41597-023-01969-8,checked,
RDM-049,Expert,Research Data Management,fair-data; data-ethics,What tension can arise between the FAIR principle of interoperability and the diversity of disciplinary standards?,The tension is resolved by requiring every dataset to be reprocessed into a single discipline's format before sharing,Interoperability strictly requires that every dataset everywhere use exactly one single shared file format,"The recommended solution is to let each repository design its own schema independently, without reference to existing standards","There is no real tension, since domain-specific standards are automatically interoperable with one another by design","Different fields have their own vocabularies, so interoperability relies on crosswalks and shared mappings",e,"There is a constant tension between developing broad, generalizable schemas to promote interoperability across sources and hyperspecific, domain-optimized schemas suited to a particular field's needs. Because disciplines legitimately use different, mature standards, interoperability in practice is pursued through shared minimum properties and crosswalks that map between standards, rather than by imposing one universal schema that would ignore domain-specific requirements.",https://www.nature.com/articles/s41597-023-01969-8,checked,
RDM-050,Intermediate,Research Data Management,data-sharing; data-citation; repositories,Why is choosing a repository that issues a persistent identifier preferable to sharing data via a personal or lab website?,Personal or lab websites are technically illegal venues for hosting research data,"Personal websites are, in every case, slower to load than dedicated repositories","Repositories provide PIDs and stable, preserved access, unlike personal websites",Repositories are structured in a way that deliberately hides the data from public view,Personal websites are technically incapable of storing any kind of data files at all,c,"An analysis of over 2,000 shared data links found that DOI-based links had only a 1.7% loss rate compared to a 5.9% loss rate for plain URLs, with informal hosting such as personal or lab websites among the least stable; the study concludes that best practice is to deposit data in a repository and share it via a persistent identifier.",https://journals.plos.org/plosone/article?id=10.1371/journal.pone.0304781,checked,
RDM-051,Intermediate,Research Data Management,data-sharing; data-citation; repositories,What is the purpose of a 'data availability statement' pointing to a repository DOI rather than 'available on request'?,"To ensure the data is described using a specific, journal-mandated metadata schema",To transfer legal ownership of the data from the author to the journal,"To give readers direct, persistent access without needing to contact the authors",To make the dataset automatically eligible for inclusion in a systematic review,To formally register the dataset as the author's officially cited work,c,"A data availability statement pointing to a repository DOI gives readers a direct, persistent link to the data itself, rather than requiring them to contact the authors, whose responsiveness cannot be guaranteed over time.",https://www.springernature.com/gp/authors/research-data-policy/data-availability-statements,checked,
RDM-052,Intermediate,Research Data Management,fair-data; data-sharing; metadata,"Why is documenting units, variable definitions, and collection methods essential even for openly shared data?","Because without this context, reusers cannot correctly interpret the data","It is a strict, formal requirement imposed by repositories in order to obtain a DOI for the dataset",Adding this kind of extra documentation simply makes the overall dataset's files noticeably larger,Documenting the data in this thorough way effectively encrypts its contents from unauthorized readers,This kind of thorough documentation mainly serves to improve the dataset's ranking in search engines,a,"Having data available is of no use if it cannot be understood. Without documentation to provide context, such as units, variable definitions, and collection methods, the data can't be used effectively, illustrating that access is necessary but not sufficient for genuine reuse.",https://book.the-turing-way.org/reproducible-research/rdm/rdm-metadata,checked,
RDM-053,Beginner,Research Data Management,fair-data; metadata,What is the main purpose of the FAIR data principles?,To require that all research data be released under an open license,"To guide how data and metadata should be managed so they can be found and reused, including by machines",To rank research data repositories by their long-term funding stability,To set a maximum file size limit for datasets accepted by repositories,To standardize the citation format used across all academic journals,b,"The FAIR principles (Findable, Accessible, Interoperable, Reusable) were published in 2016 to provide guidelines that improve the ability of both humans and computers to find, access, interoperate with, and reuse digital research objects, with an emphasis on machine-actionability.",https://www.go-fair.org/fair-principles/,checked,
RDM-054,Expert,Research Data Management,data-sharing; data-citation; repositories,"What is a well-documented, practical obstacle to consistent data citation, even when formal citation guidelines exist?",Common reference management software often lacks proper support for citing datasets as a distinct resource type,"Repository-provided citations are always fully accurate, so remaining errors come only from researcher typos","The DOI field is the one element reference managers import reliably, so citation gaps mainly affect minor details like formatting",Version and access date are optional conveniences that don't materially affect a citation's usefulness,"Import accuracy is consistent across reference managers, so choice of software makes little practical difference",a,"Even with data citation guidelines established since 2014, a 2025 study found that several widely used reference managers, including Mendeley, RefWorks, Sciwheel, and Papers, lack a data-specific resource type altogether, and most import fewer than half of a dataset's citation fields correctly. Even the DOI, the most reliably imported field, was still missing or incorrect in half of the cases tested. ""Version"" and ""access date"" were the fields most often dropped entirely, undermining the reproducibility that version-specific citation is meant to support, and accuracy varied widely across different reference managers.",https://datascience.codata.org/articles/10.5334/dsj-2025-017,checked,
RDM-055,Beginner,Research Data Management,data-management-plans; data-sharing; data-ethics,What is the difference between the NIH Data Management and Sharing (DMS) Policy and the NIH Public Access Policy?,"The DMS Policy is specifically about journals, while the Public Access Policy is about data","The two are, in fact, simply the same underlying policy under different names",The DMS Policy concerns sharing the scientific data underlying research,Both of these NIH policies apply only to formal clinical trials,Neither of these two NIH policies is currently in effect,c,"The DMS Policy (effective January 2023) requires plans for managing and sharing research data; the Public Access Policy (2024, effective July 2025) requires the peer-reviewed publications themselves to be made freely available - two distinct but complementary NIH requirements.",https://grants.nih.gov/policy-and-compliance/policy-topics/sharing-policies/dms/policy-overview,checked,
RDM-056,Beginner,Research Data Management,data-management-plans; data-sharing; data-ethics,"Under Horizon Europe, what is required regarding research data from funded projects?","Projects must have a DMP and make data open as possible, closed as necessary",All research data generated must formally be sold to interested third parties,All research data generated under the project must be kept entirely secret,Sharing of research data under the programme is optional and usually unregulated,Only data coming from projects that ultimately failed must be shared,a,"Horizon Europe mandates responsible research data management: a Data Management Plan, adherence to FAIR principles, and depositing data in a trusted repository with open access provided as soon as possible under the 'as open as possible, as closed as necessary' principle.",https://www.openaire.eu/how-to-comply-with-horizon-europe-mandate-for-rdm,checked,
RDM-057,Intermediate,Research Data Management,data-management-plans; data-sharing; policy-compliance,What is a data management plan (DMP) requirement in funder policies intended to ensure?,"That the underlying research data is, as a matter of policy, never shared",That the underlying research data is formally sold directly to publishers,"That only the study's positive, favorable results are ultimately retained",That researchers plan up front how data will be documented and shared,That the resulting DMP formally takes the place of ethics review,d,"Funder DMP requirements (e.g., NIH DMS, Horizon Europe, UKRI) make researchers specify data handling and sharing plans at the outset, promoting FAIR, responsible management and appropriate openness of research data throughout and after the project.",https://dmptool.org/general_guidance,checked,
RI-001,Beginner,Research Integrity & Ethics,research-misconduct,"Under the widely used US federal definition, the three core forms of research misconduct are:","Self-citation, salami slicing, and ghostwriting","Fabrication, falsification, and plagiarism","Copyright infringement, libel, and fraud","Plagiarism, lateness, and bias","Bias, negligence, and error",b,"The US Office of Research Integrity defines research misconduct as fabrication, falsification, or plagiarism (FFP) in proposing, performing, reviewing, or reporting research.",https://ori.hhs.gov/definition-misconduct,checked,
RI-002,Beginner,Research Integrity & Ethics,corrections-retractions; publication-ethics,"What does COPE, the organization, stand for?",Center for Open Preprint Evaluation,Consortium of Publishing Enterprises,Committee on Publication Ethics,Council of Peer Editors,Coalition for Open Publishing Ethics,c,"COPE is the Committee on Publication Ethics, which provides guidance and resources on publication ethics to editors and publishers.",https://publicationethics.org/about,checked,
RI-003,Beginner,Research Integrity & Ethics,research-misconduct,What is 'plagiarism' in the research-integrity sense?,Publishing the same completed study a second time in another venue,"Appropriating another person's ideas, results, or words without appropriate credit",Deliberately declining to share the underlying data behind a study,Fabricating data that was never actually collected in the first place,Openly disagreeing with the comments made by peer reviewers,b,"Plagiarism is the appropriation of another person's ideas, processes, results, or words without giving appropriate credit.",https://ori.hhs.gov/definition-misconduct,checked,
RI-004,Intermediate,Research Integrity & Ethics,research-misconduct,"Under the US federal definition, what is the difference between fabrication and falsification?","Fabrication is specifically about manipulating text, while falsification concerns manipulating images","Falsification typically involves an honest, unintentional error in recording data","Fabrication is specifically about misusing funding, while falsification concerns misrepresenting authorship",Fabrication is making up data; falsification is manipulating materials or altering results,The two terms are simply identical and describe exactly the same underlying behavior,d,"Fabrication is inventing data or results and recording or reporting them; falsification is manipulating research materials, equipment, or processes, or changing or omitting data or results, such that the research is not accurately represented.",https://ori.hhs.gov/definition-misconduct,checked,
RI-005,Intermediate,Research Integrity & Ethics,authorship-credit,What problem does the CRediT (Contributor Role Taxonomy) system address in research publishing?,It replaces the peer review process with an automated scoring system,"It captures specific contributions (e.g., data curation, funding, writing) that traditional authorship can obscure",It ranks coauthors by seniority to determine the order they appear in the author list,It calculates the monetary value of each author's individual contribution to a grant,It verifies that all listed authors have obtained the correct research permits,b,"Traditional authorship is a binary, all-or-nothing label that doesn't convey what each person actually did. CRediT addresses this with 14 standardized contributor roles (e.g., conceptualization, data curation, funding acquisition, writing), giving a structured way to describe how research was actually produced, which supports transparency, research assessment, and accountability.",https://credit.niso.org/,checked,
RI-006,Intermediate,Research Integrity & Ethics,corrections-retractions; publication-ethics,How did the 2023 Crossref/Retraction Watch integration change how practitioners can check a paper's retraction status?,Retraction status now requires manually cross-referencing three separate paywalled databases,Retraction status checks now require a paid Crossref subscription that did not previously exist,"Retraction status could, for the first time, be checked at all, since no method existed before 2023","Retraction status data moved from Crossref into a closed, invitation-only research consortium","Retraction status became queryable programmatically via Crossref's open REST API, rather than requiring a manual lookup",e,"Before the 2023 acquisition, checking a paper's retraction status generally meant searching the Retraction Watch website or database directly; after Crossref integrated the data into its open REST API, retraction status became queryable programmatically alongside other Crossref metadata, making it easier for tools, publishers, and researchers to check retraction status at scale rather than one paper at a time.",https://www.crossref.org/blog/news-crossref-and-retraction-watch/,checked,
RI-007,Beginner,Research Integrity & Ethics,authorship-credit; publication-ethics; equity-inclusion,The Hong Kong Principles (2019) are primarily concerned with:,Providing detailed guidance on how to properly format a data management plan,Producing an official ranking of universities based on their research output,Assessing researchers in ways that strengthen integrity,Setting formal upper limits on the article processing charges journals may bill,Defining the technical syntax used for constructing persistent identifiers,c,"The Hong Kong Principles, from the 6th World Conference on Research Integrity (2019), set out five principles for assessing researchers in ways that reinforce integrity, such as valuing complete reporting and open science practices.",https://www.wcrif.org/guidance/hong-kong-principles,checked,
RI-008,Beginner,Research Integrity & Ethics,research-misconduct; publication-ethics,"HARKing', a questionable research practice, refers to:",Citing one's own previously published work within a new paper,Conducting peer review of a manuscript while remaining fully anonymous,Formally registering a study's protocol before data collection begins,"Hypothesizing after the results are known, presented as if predicted in advance",Sharing a study's underlying data publicly before the paper is published,d,"HARKing stands for Hypothesizing After the Results are Known: framing an exploratory finding as though it were an a priori prediction, which inflates apparent confirmatory support and is a target of practices like preregistration.",https://en.wikipedia.org/wiki/HARKing,checked,
RI-009,Beginner,Research Integrity & Ethics,corrections-retractions; publication-ethics,"Approximately how many retractions did the combined Crossref/Retraction Watch dataset cover when the data was opened, reflecting the scale of the retraction record?","Tens of thousands, roughly 40,000-50,000","Hundreds of thousands, about 200,000",About 4000-5000 retractions in total,Around 500 retractions in total,About 1 million retractions in total,a,"Reporting around the 2023 acquisition described the combined dataset as covering on the order of tens of thousands of retractions (roughly 40,000-50,000), reflecting how the retraction record has grown.",https://www.crossref.org/blog/news-crossref-and-retraction-watch/,checked,
RI-010,Beginner,Research Integrity & Ethics,publication-ethics,What is a 'predatory' journal or publisher?,A journal whose editorial policy is to publish only negative or null results,A journal that charges fees while failing to provide real editorial or review services,A journal that happens to have an unusually high journal impact factor,A journal that specifically requires all authors to share their underlying data,A journal that operates on a traditional paywalled subscription model,b,"Predatory journals take authors' money (typically APCs) but do not deliver genuine peer review, editing, or preservation, prioritizing profit over scholarship and often using deceptive practices.",https://pmc.ncbi.nlm.nih.gov/articles/PMC7237319/,checked,
RI-011,Beginner,Research Integrity & Ethics,publication-ethics,What is the purpose of the 'Think. Check. Submit.' checklist?,To rank scholarly journals against each other according to their citation impact,To help researchers identify trustworthy journals and publishers before submitting,To handle the technical process of assigning DOIs to new publications,To calculate and publish the total citation counts of individual articles,To scan submitted manuscripts and detect instances of textual plagiarism,b,"Think. Check. Submit. provides a practical checklist (about the journal's transparency, editorial board, indexing, contact details, etc.) to help authors evaluate whether a journal is trustworthy before submitting their work.",https://thinkchecksubmit.org/,checked,
RI-012,Beginner,Research Integrity & Ethics,publication-ethics,What is a 'conflict of interest' in research?,Any ordinary disagreement that arises between two or more coauthors,A formal dispute that arises between an author and their peer reviewers,A citation that an author makes to the work of a scientific competitor,A secondary interest that could improperly influence the conduct of research,A simple scheduling clash between two overlapping research commitments,d,"A conflict of interest exists when competing interests - funding, employment, personal relationships, or the like - could bias, or be perceived to bias, research decisions or reporting; disclosure allows readers and editors to judge potential influence.",https://publicationethics.org/competing-interests,checked,
RI-013,Beginner,Research Integrity & Ethics,authorship-credit; ai-use; publication-ethics,"According to widely used guidance (e.g., ICMJE), can an AI tool like a large language model be listed as an author of a paper?",No - AI tools cannot be authors because they cannot take responsibility or be accountable for the work,"Yes, an AI tool can be listed as the paper's first and primary author",Only if the AI tool in question has been assigned its own ORCID iD,"Yes, provided the AI tool is responsible for writing most of the manuscript's text","Yes, this is considered acceptable across multiple academic field and discipline",a,"Authorship requires accountability and the ability to approve and be responsible for the work, which AI tools cannot meet; guidance from ICMJE, COPE, and publishers says AI cannot be an author but its use should be transparently disclosed in the methods or acknowledgements.",https://www.icmje.org/recommendations/browse/roles-and-responsibilities/defining-the-role-of-authors-and-contributors.html,checked,
RI-014,Beginner,Research Integrity & Ethics,research-misconduct; publication-ethics,What is 'salami slicing' in research publishing?,"Deliberately combining several separate, unrelated studies into one single large paper",Splitting one study into multiple smaller papers to inflate publication counts,Sharing a dataset with other researchers in smaller pieces,Conducting the peer-review process for a manuscript across several separate stages,Citing one's own previously published work within a newly submitted paper,b,"Salami slicing (salami publication) fragments what should be one study into several thin papers to inflate publication counts, which can distort the literature and mislead through redundant or overlapping reporting.",https://publicationethics.org/guidance/cope-position/handling-duplicated-or-redundant-content-salami-slicing,checked,
RI-015,Beginner,Research Integrity & Ethics,corrections-retractions; publication-ethics; peer-review,What is PubPeer?,A platform for posting post-publication comments and critiques of papers,A traditional peer-reviewed academic journal that publishes original research,A commercial database used to track and store scholarly citation records,A government or philanthropic agency that distributes competitive research funding,A server where researchers post manuscripts before formal peer review begins,a,"PubPeer is a website for post-publication peer review and discussion, where readers (often anonymously) raise questions about published papers - including image concerns, statistics, or possible misconduct - contributing to scientific self-correction.",https://pubpeer.com/static/about,checked,
RI-016,Beginner,Research Integrity & Ethics,corrections-retractions; publication-ethics,What is the difference between a 'correction' and a 'retraction' of a published article?,A correction and a retraction are simply two different names for the same action,A correction results in the entire article being permanently removed,A correction is only used when a retraction cannot legally be issued,A retraction is issued only to fix minor typographical errors in the text,A correction fixes an error while the article stays valid; a retraction withdraws it,e,"A correction (erratum/corrigendum) addresses a discrete error without invalidating the paper, whereas a retraction signals the work is unreliable or unethical and should not be relied upon; the article typically remains visible but is marked retracted.",https://publicationethics.org/retraction-guidelines,checked,
RI-017,Beginner,Research Integrity & Ethics,human-subjects; data-ethics,What is 'informed consent' in research involving human participants?,A formal license governing how a dataset from the study may be shared,A financial agreement outlining how the study will be funded,A copyright license that governs how the resulting publication may be reused,A process ensuring participants understand a study and voluntarily agree to join,A specific stage within the manuscript's formal peer-review process,d,"Informed consent means participants are given adequate information (purpose, procedures, risks, benefits, voluntariness, right to withdraw) and freely agree to participate; it is a cornerstone of ethical human-subjects research.",https://www.wma.net/policies-post/wma-declaration-of-helsinki/,checked,
RI-018,Beginner,Research Integrity & Ethics,ai-use; publication-ethics,Why should authors disclose their use of generative AI tools in preparing a manuscript?,Because commercial generative AI tools require an ongoing paid subscription,"Because generative AI tools are, under current guidance, considered legitimate authors",Because disclosing AI use is believed to artificially raise a journal's impact factor,"To maintain transparency, since AI can introduce errors readers should know about",Because disclosing the use of AI tools is a formal requirement for obtaining a DOI,d,"Disclosing AI assistance (e.g., for drafting or editing) supports transparency and lets others assess how the manuscript was produced, given that AI can generate plausible but incorrect or fabricated material for which the human authors remain responsible.",https://publicationethics.org/guidance/cope-position/authorship-and-ai-tools,checked,
RI-019,Beginner,Research Integrity & Ethics,authorship-credit; publication-ethics; equity-inclusion,What is 'ghost authorship'?,Publishing a piece of work under a fictitious pen name rather than one's own,Serving as a peer reviewer for a manuscript while remaining fully anonymous,Including citations to authors who have since passed away,"A substantial contributor is left off the author list, hiding their role",Arranging for a manuscript to be formally published after the author's death,d,"Ghost authorship occurs when a substantial contributor - frequently an industry-funded medical writer - is omitted from the author list, obscuring who actually shaped the paper and potential conflicts of interest.",https://publicationethics.org/guidance/flowchart/how-recognise-potential-authorship-problems,checked,
RI-020,Beginner,Research Integrity & Ethics,human-subjects; data-ethics,What does an Institutional Review Board (IRB) or research ethics committee do?,Reviews research involving human participants to ensure it is ethical,Conducts formal peer review of manuscripts on behalf of academic journals,Calculates and assigns official journal impact factor scores,Handles the technical process of registering new DOIs for publications,Produces an annual ranking of universities based on research output,a,"An IRB / research ethics committee evaluates study protocols involving human subjects for ethical acceptability - risks, benefits, consent, privacy - before the research proceeds, safeguarding participants.",https://www.hhs.gov/ohrp/irbs-and-assurances.html,checked,
RI-021,Beginner,Research Integrity & Ethics,research-misconduct; publication-ethics,What is 'self-plagiarism' (text recycling)?,"Citing one's own earlier published work in an appropriate, transparent way","Reusing your own prior text or data without disclosure, presenting it as new",Making one's underlying research data openly available to other researchers,Posting an early preprint version of one's own paper before formal publication,Writing a comprehensive literature review summarizing one's field of study,b,"Self-plagiarism/text recycling means reproducing one's own prior published material (text, figures, data) in a new publication without transparency, which can mislead about originality and inflate output.",https://publicationethics.org/text-recycling-guidelines,checked,
RI-022,Beginner,Research Integrity & Ethics,research-misconduct; publication-ethics,What is a 'paper mill'?,A physical factory or industrial facility that manufactures rolls of paper,A formal training program designed to teach researchers how to peer review,A business that produces and sells fraudulent research manuscripts,A commercial database used specifically for tracking citation counts,A commercial service that handles the physical printing of journals,c,"Paper mills are organizations that mass-produce fake or manipulated papers - often with fabricated data and images - and sell authorship or publication, posing a serious threat to the integrity of the scholarly record.",https://publicationethics.org/resources/research/paper-mills,checked,
RI-023,Beginner,Research Integrity & Ethics,publication-ethics; data-ethics,Why is transparent reporting of funding sources important for research integrity?,It is the factor that determines a journal's article processing charge,It reveals potential conflicts of interest that might have shaped the study,It confirms that the study's results are free of error,It makes the resulting published article noticeably longer,It is the mechanism that formally assigns authorship credit on a paper,b,"Disclosing who funded research lets readers and editors assess possible bias, since funders may have interests in particular outcomes; transparency supports trust even when no bias occurred.",https://publicationethics.org/topic-discussions/declaring-funding-sources-research,checked,
RI-024,Intermediate,Research Integrity & Ethics,authorship-credit; publication-ethics,"Under the ICMJE authorship criteria, which is NOT sufficient on its own to qualify someone as an author?",Agreement to be accountable for the work,Acquiring funding or general supervision alone,Final approval of the version to be published,Substantial contributions to conception or design,Drafting or critically revising the work,b,"ICMJE requires all four criteria (substantial contribution; drafting/revising; final approval; accountability). Activities like obtaining funding, collecting data, or general supervision alone do not, by themselves, justify authorship and should be acknowledged instead.",https://www.icmje.org/recommendations/browse/roles-and-responsibilities/defining-the-role-of-authors-and-contributors.html,checked,
RI-025,Intermediate,Research Integrity & Ethics,authorship-credit; publication-ethics; equity-inclusion,"What is 'gift' (or honorary) authorship, and why is it a problem?",Simply citing a colleague's earlier published work within one's own paper,"Naming a non-contributor as an author, e.g., out of deference",Formally thanking a study's funders in the acknowledgements section,Listing a mentor who provided genuine guidance throughout the project,Adding a data collector's name to the paper's acknowledgements section,b,Gift/honorary authorship credits someone who did not substantially contribute - often a senior figure added by custom or pressure - which misrepresents who did the work and undermines the accountability authorship is meant to convey.,https://publicationethics.org/news-opinion/gift-authorship,checked,
RI-026,Intermediate,Research Integrity & Ethics,corrections-retractions; publication-ethics,What is an 'expression of concern' issued by a journal?,A minor correction that fixes a single typographical error in the text,A formal letter rejecting a manuscript that was submitted for publication,A notice alerting readers to unresolved concerns during an investigation,A formal notice that permanently withdraws a published article altogether,A written report produced by a reviewer during the peer-review process,c,"An expression of concern is a formal notice flagging credible unresolved worries about a paper's integrity or reliability - for example during an investigation - without yet correcting or retracting it, so readers can exercise caution.",https://publicationethics.org/guidance/guideline/expressions-concern,checked,
RI-027,Intermediate,Research Integrity & Ethics,research-misconduct; publication-ethics; data-ethics,Why do fabricated or manipulated images pose a particular integrity challenge in fields like biomedicine?,Because minor brightness or contrast adjustments are treated the same as data fabrication,Because peer reviewers reliably catch any manipulated image before publication,Because image manipulation is classified as a form of plagiarism rather than falsification,Because such manipulation is always intentional and never the result of careless image processing,"Because figures can be duplicated or altered, and detecting this needs forensic screening",e,"Image integrity issues, inappropriate duplication, splicing, or manipulation of figures, are a frequent basis for corrections and retractions, and identifying them requires trained screening or software, making them a significant and hard-to-detect integrity problem.",https://publicationethics.org/guidance/flowchart/inappropriate-image-manipulation-published-article,checked,
RI-028,Intermediate,Research Integrity & Ethics,publication-ethics,How do 'hijacked' (clone) journals threaten research integrity?,Because this kind of fraud is generally associated with traditional subscription journals,Because fraudulent journals of this kind end up assigning far too many DOIs,"Because these journals are, somewhat paradoxically, known for providing genuinely free peer review",Because journals affected in this way end up publishing far too many open access articles,Because fake websites impersonate real journals to collect fees and deceive authors.,e,"A hijacked journal is a counterfeit that mimics a genuine journal's title, ISSN, or website to trick authors into submitting and paying, producing deceptive publications and undermining trust in the impersonated journal.",https://retractionwatch.com/the-retraction-watch-hijacked-journal-checker,checked,
RI-029,Intermediate,Research Integrity & Ethics,corrections-retractions; publication-ethics,What is problematic about citing a retracted paper as if its findings were valid?,Nothing at all; the findings of retracted papers generally remain fully reliable,"Retracted papers are, as a matter of policy, simply impossible to cite at all",Doing so tends to strengthen the credibility of the paper citing it,Doing so has the effect of formally correcting the original retraction,It spreads discredited claims that have been formally withdrawn,e,"Citing a retracted article uncritically perpetuates findings that the community has judged unreliable or unethical; authors should check retraction status (e.g., via Crossref/Retraction Watch data) and avoid relying on withdrawn work.",https://link.springer.com/article/10.1007/s11192-017-2242-0,checked,
RI-030,Intermediate,Research Integrity & Ethics,publication-ethics; peer-review,"What is a 'fake peer review' scandal, as documented by COPE and publishers?",It refers to a scandal in which peer reviewers are secretly paid for their reports,It refers to authors or agents manipulating the review process.,It refers to a situation in which journal editors personally review every submitted paper,It refers to a practice in which reviewers voluntarily sign their names to their reports,It refers to the broader practice of conducting peer review openly and transparently,b,"Fake/manipulated peer review occurs when the process is gamed - for instance, providing fake reviewer contacts the author controls - so bogus positive reviews are returned; discovery has led publishers to retract large batches of affected papers.",https://publicationethics.org/news-opinion/inappropriate-manipulation-peer-review-processes,checked,
RI-031,Intermediate,Research Integrity & Ethics,ai-use; publication-ethics,"Why is disclosing generative-AI use in research increasingly formalized in journal policies, and what remains the authors' responsibility?","Because once its use is disclosed, the AI tool itself formally becomes a listed coauthor",Because current journal policy generally limits disclosure requirements to AI-generated images,Because disclosing AI use has the legal effect of transferring liability to the AI vendor,Because disclosing AI use confirms that the resulting text is free of factual errors,"Because AI can fabricate errors, though human authors remain fully responsible",e,"Journals now commonly require authors to state how generative AI was used, precisely because such tools can produce inaccurate or invented content; crucially, accountability stays with the human authors, who must verify all content regardless of AI assistance.",https://publicationethics.org/guidance/cope-position/authorship-and-ai-tools,checked,
RI-032,Intermediate,Research Integrity & Ethics,research-misconduct; publication-ethics,What is 'duplicate' (redundant) publication?,Simply publishing a formal correction to an already-published article,Publishing overlapping content in more than one venue as if each were original,Translating an already-published paper into another language with permission,Publishing a preprint and later a journal version of the same paper,Publishing a short abstract summarizing a study at an academic conference,b,"Duplicate/redundant publication is republishing the same or largely overlapping work in multiple places without transparency, which distorts the literature, wastes resources, and can double-count evidence in meta-analyses.",https://publicationethics.org/guidance/cope-position/handling-duplicated-or-redundant-content-salami-slicing,checked,
RI-033,Intermediate,Research Integrity & Ethics,corrections-retractions; publication-ethics; peer-review,"An editor receives an anonymous tip alleging image manipulation in a published paper. According to COPE's guidance for editorial offices, what should guide the editor's response?",Contact the accused author privately and resolve the matter without documenting it,"Follow a transparent, prompt process for investigating and, if needed, correcting the record","Retract the paper immediately, since any allegation is treated as confirmed misconduct","Disregard the tip, since anonymous complaints are not considered valid grounds for action",Refer the matter to the journal's marketing team to manage public perception,b,"COPE's guidance for editorial offices calls for transparent journal processes and systems in place to promptly address complaints, with editors committed to correcting the literature when warranted; anonymous tips are a recognized route by which ethics concerns reach editors, so they should be assessed through the journal's standard process rather than dismissed or handled off the record.",https://publicationethics.org/guidance/flowchart/general-approach-publication-ethics-editorial-office,checked,
RI-034,Intermediate,Research Integrity & Ethics,research-misconduct; publication-ethics,Why is 'tortured phrases' a red flag investigators look for in potentially fraudulent papers?,Because phrases of this kind are generally considered a hallmark of genuinely excellent writing,Because using unusual paraphrased terminology is typically taken as a signal of open access publishing,Because rewording standard technical terms in this way is thought to improve overall clarity,Because odd paraphrases of standard terms can signal text manipulation used to evade detection,Because using this kind of unusual paraphrasing is a stylistic requirement of most journal style guides,d,Tortured phrases' are awkward substitutions for established terminology that often result from software rewording text to dodge plagiarism checkers; their presence has helped identify machine-generated or paper-mill content.,https://arxiv.org/abs/2107.06751,checked,
RI-035,Intermediate,Research Integrity & Ethics,research-misconduct; publication-ethics; peer-review,Why has pre-publication image integrity screening increasingly relied on dedicated software tools rather than manual reviewer judgment alone?,Because manual review by a single reader is often unable to reliably catch subtle duplication or manipulation at scale,Because journals are legally required to use automated tools for all image-based content,Because software tools eliminate the need for any human editorial oversight of figures,Because manual review is faster than software-based screening in every case,Because peer reviewers are formally trained as digital forensics experts,a,"As image manipulation and duplication have grown harder to catch by eye, especially subtle edits or content reused across unrelated papers, publishers have increasingly turned to dedicated screening tools to support editors in detecting these issues before publication, supplementing rather than replacing human judgment.",https://stm-assoc.org/what-we-do/strategic-areas/research-integrity/image-integrity/resource-center/,checked,
RI-036,Expert,Research Integrity & Ethics,research-misconduct; publication-ethics,Why are paper mills considered a systemic (not just individual) threat to the scholarly record?,"Because they industrialize fraud at scale, contaminating the literature and outpacing detection","Because the existence of paper mills, on balance, actually improves overall scientific reproducibility",Because the fraud produced by paper mills is generally isolated to individual researchers acting alone,Because paper mills primarily target journals that already have weak editorial oversight,Because fraudulent papers produced by mills are generally straightforward for journal editors to detect,a,"Paper mills operate at industrial scale, injecting large volumes of fake research and gaming review and authorship across many journals, which pollutes evidence syntheses and strains the community's ability to detect and correct it - a structural threat, not isolated misconduct.",https://publicationethics.org/guidance/research-and-reports/paper-mills-research,checked,
RI-037,Expert,Research Integrity & Ethics,corrections-retractions; publication-ethics,"Why doesn't making retraction data openly available (e.g., via Crossref's API) fully solve the problem of retracted papers continuing to be cited as valid?",Because retracted papers are automatically excluded from every citation manager the moment they are flagged,Because open retraction data is only accessible to institutions that pay an additional licensing fee,Because Crossref deliberately delays publishing retraction notices for several years after the decision is made,Because most citing authors never check retraction status even when the data is freely and easily accessible,Because open retraction data only exists for papers published after 2023,d,"Studies of post-retraction citation behavior have found that most citations to retracted papers continue to treat their findings as valid, even when the retraction is clearly indexed and easily checkable; the bottleneck isn't data availability but whether authors, reviewers, and citation tools actually consult that data at the point of writing or reviewing, which is why open infrastructure is necessary but not sufficient to stop the spread of discredited findings.",https://link.springer.com/article/10.1007/s11192-017-2242-0,checked,
RI-038,Expert,Research Integrity & Ethics,authorship-credit; publication-ethics; equity-inclusion,"Why do authorship disputes often arise, and how do frameworks like ICMJE and CRediT help address them?",Unclear expectations cause disputes; ICMJE and CRediT add clarity and reduce ambiguity,Authorship disputes of this kind are generally prevented by high journal impact factors,Disputes of this kind arise only in cases involving deliberate scientific fraud,They arise mainly because journals require far too few listed authors per paper,Disputes of this kind are typically resolved simply by comparing citation counts,a,"Authorship disputes often stem from factors like unclear or inconsistent expectations about what counts as a ""substantial"" contribution, especially across teams with varying seniority, disciplines, or international norms. ICMJE addresses this by setting a shared threshold for who qualifies as an author, while CRediT complements it by giving teams a common vocabulary to describe each person's actual role; used together, they narrow the room for disagreement and give institutions a structured way to resolve disputes when they do arise, as seen in practices like the NIH's use of CRediT during authorship investigations.",https://www.ncbi.nlm.nih.gov/pmc/articles/PMC12752452/,checked,
RI-039,Intermediate,Research Integrity & Ethics,research-misconduct; ai-use; data-ethics,What integrity risk arises specifically from generative AI's ability to fabricate plausible references and data?,AI-fabricated references can appear credible enough that peer reviewers may fail to catch them without deliberate verification,"AI-fabricated references are typically formatted incorrectly, making them trivial for any reader to spot on sight",AI-fabricated references mainly slow down the copyediting stage rather than posing any integrity concern,AI-fabricated references are legally classified as a form of copyright infringement rather than a research integrity issue,AI-fabricated references only appear in fields that do not use citation-tracking databases,a,"COPE Forum discussion on AI and fake papers notes that some AI tools will fabricate references, and that peer reviewers and editors should be alerted to this and place enhanced emphasis on verifying citations, since fabricated references can appear plausible enough to pass unnoticed without deliberate checking.",https://publicationethics.org/guidance/cope-position/authorship-and-ai-tools,checked,
RI-040,Expert,Research Integrity & Ethics,research-misconduct,"How do questionable research practices (QRPs) like p-hacking and selective reporting differ from outright research misconduct (fabrication, falsification, and plagiarism, or ""FFP""), and why do they still harm the literature?","QRPs exploit analytic flexibility without meeting the definition of misconduct, yet still bias findings","QRPs are, in practice, tacitly tolerated by many researchers, even if not formally endorsed by journal policy","The boundary between QRPs and falsification is a formally defined, fixed threshold.",Practices like p-hacking and selective reporting have a mild effect on the overall reliability of published findings,QRPs require the same deliberate intent to deceive as FFP does,a,"QRPs occupy a grey zone: they capitalize on flexible analysis and selective reporting without meeting the definition of fabrication, falsification, or plagiarism, and unlike FFP, don't require intent to deceive. Yet Fanelli's meta-analysis found that while under 2% of scientists admit to FFP, up to a third admit to other QRPs, and even the researchers documenting this note the boundary is ""somewhat arbitrary,"" since practices like dropping data points on a gut feeling can shade into falsification without researchers recognizing it. This is exactly why QRPs distort the evidence base and contribute to the reproducibility crisis despite falling short of formal misconduct.",https://journals.plos.org/plosone/article?id=10.1371/journal.pone.0005738,checked,
RI-041,Expert,Research Integrity & Ethics,authorship-credit; ai-use; publication-ethics,Why is defining 'authorship accountability' central to debates about AI and large collaborations in research?,Because the level of accountability an author holds is ultimately set by their citation counts,Because responsibility for a paper's integrity ultimately transfers entirely to the publishing journal,Because the individuals held accountable are generally chosen by seniority rather than contribution,Because authorship accountability is primarily the responsibility of the journal's legal team,"Because authorship confers responsibility, AI cannot bear it, and large teams strain individual accountability.",e,"Authorship is fundamentally about accountability for the work's integrity; this is why AI - unable to be accountable - cannot be an author, and why massive multi-author collaborations use contributorship statements, guarantors, and consortium models to preserve traceable responsibility.",https://www.icmje.org/recommendations/browse/roles-and-responsibilities/defining-the-role-of-authors-and-contributors.html,checked,
RI-042,Expert,Research Integrity & Ethics,research-misconduct; publication-ethics; responsible-assessment,What structural incentive is frequently blamed for driving researchers toward misconduct and questionable research practices?,The specific incentive to formally replicate other researchers' prior work,The incentive structure that rewards publication counts and novelty over methodological rigor,The specific incentive to preregister a study's hypotheses before data collection,The specific incentive to openly share the underlying data behind a study,The specific incentive to publish results that turn out to be negative or null,b,"Survey data from the Asian Council of Science Editors found that a majority of researchers believe institutional publication requirements have contributed to unethical practices, with ""publish or perish"" pressure and evaluation systems that reward quantity over quality frequently cited as a driver of questionable research practices and, at the extreme, outright misconduct.",https://www.csescienceeditor.org/article/publication-pressure-vs-research-integrity-global-insights-from-an-asian-council-of-science-editors-survey/,checked,
RI-043,Expert,Research Integrity & Ethics,research-misconduct; corrections-retractions; publication-ethics,"Why is the scholarly community's capacity for 'self-correction' both a strength and a vulnerability, as illustrated by paper mills and mass retractions?","Self-correction of this kind is, in practice, handled entirely by external research funders",The scholarly community's self-correction mechanisms are generally sufficient to catch fraud before it spreads,"Self-correction can catch errors, but limited effort means fraud can outpace it",Self-correction happens primarily through automated software with little need for human reviewers,The scholarly community's self-correction mechanisms provide little real value in catching fraud,c,"Mechanisms like PubPeer scrutiny, replication, and retraction embody science's self-correcting ideal, but they rely on scarce human attention and imperfect detection; paper mills exploit this by producing fraud faster than it can be found, and retractions frequently arrive years after the damage.",https://retractionwatch.com/2025/08/04/fighting-coordinated-publication-fraud-is-like-emptying-an-overflowing-bathtub-with-a-spoon-study-coauthor-says/,checked,
RI-044,Expert,Research Integrity & Ethics,corrections-retractions; publication-ethics; peer-review,How does the tension between anonymity and accountability play out in post-publication peer review platforms like PubPeer?,"There is, in fact, no real tension between anonymity and accountability on such platforms",Allowing commenters to remain anonymous tends to make their claims more factually reliable,Comments posted anonymously on such platforms are generally motivated by personal rivalry rather than genuine concern,Anonymity protects critics but can also enable unfounded or malicious claims,"Genuine accountability on such platforms is best achieved by only accepting comments from senior, tenured researchers",d,"Allowing anonymous critique lowers the risk of reprisal and surfaces concerns that might otherwise stay hidden, yet it can also permit baseless attacks; the resolution is to evaluate the substance and evidence of claims rather than trusting or dismissing them based on identity.",https://pubpeer.com/static/about,checked,
RI-045,Intermediate,Research Integrity & Ethics,publication-ethics; equity-inclusion,Why is transparent disclosure of competing interests important even when no bias actually occurred?,Because disclosing a conflict of interest confirms that the study's design was methodologically sound,Because it lets others judge whether interests may have influenced the work.,Because journals use disclosed conflicts of interest to help decide which papers get promoted in their marketing,Because it is a formality required when creating an account on the journal's submission portal,Because disclosure of this kind is actually intended to hide the true source of funding,b,"Even absent actual bias, undisclosed interests can undermine trust if later revealed; transparent disclosure allows others to assess potential influence themselves, which is why it is expected regardless of outcome.",https://publicationethics.org/competing-interests,checked,
RI-046,Intermediate,Research Integrity & Ethics,authorship-credit; publication-ethics,What is the appropriate way to credit someone who helped with a study but does not meet authorship criteria?,"Acknowledge their contribution in the acknowledgements, not as an author",Formally listing them on the paper as its corresponding author,Simply omitting any mention of their contribution from the paper entirely,Listing them as a full co-author on the paper regardless of their actual role,Citing their contribution formally as an external reference in the bibliography,a,"Contributors who do not meet authorship criteria (e.g., providing funding, technical help, or general supervision) should be named in the acknowledgements with their role, not listed as authors, to keep authorship accountable and accurate.",https://www.icmje.org/recommendations/browse/roles-and-responsibilities/defining-the-role-of-authors-and-contributors.html,checked,
RI-047,Beginner,Research Integrity & Ethics,publication-ethics,What is the safest first step when unsure whether a journal is legitimate or predatory?,Simply submit the manuscript and see what kind of response comes back,Use a checklist to verify the journal's transparency and legitimacy,Pay the journal's submission fee as a way of testing its review process,Assume that any journal with a functioning website must be legitimate,Choose whichever journal happens to charge the highest publication fee,b,"Before submitting, authors should evaluate the journal against a checklist (e.g., Think. Check. Submit.), checking indexing, editorial transparency, peer-review process, and legitimate contact information to avoid predatory venues.",https://thinkchecksubmit.org/,checked,
RI-048,Intermediate,Research Integrity & Ethics,authorship-credit; ai-use; publication-ethics,Why do many journals now require authors to disclose the use of generative AI tools but prohibit listing them as authors?,Because commercial generative AI tools are generally considered too expensive to use,Because generative AI tools do not currently have their own registered ORCID iDs,"Because AI cannot be accountable for the work, though its use must be disclosed",Because any text produced with the help of AI counts as plagiarism under most journal policies,Because disclosing the use of AI tools is believed to raise a journal's impact factor,c,"Authorship entails accountability that AI cannot bear, so AI is not an author; because AI can shape or err in content, its use must nonetheless be disclosed for transparency and to keep responsibility with the human authors.",https://publicationethics.org/guidance/cope-position/authorship-and-ai-tools,checked,
RI-049,Expert,Research Integrity & Ethics,research-misconduct; publication-ethics; peer-review,Why can't a single check or red flag reliably confirm whether a submitted manuscript came from a paper mill?,"Because paper mill submissions are identified by weighing a combination of specific indicators, not any one signal alone","Because paper mill manuscripts always contain at least one blatant, undeniable factual error",Because journals are legally barred from using more than one detection method per submission,Because a manuscript can only be classified as a paper mill product after it has already been retracted,Because reviewers are never given any training on what paper mill submissions look like,a,"COPE and STM's research on paper mills found that fake papers are identified through a combination of specific indicators assessed together, not a single decisive signal, and recommended a major education exercise so editors and reviewers are better equipped to identify these papers using dedicated tools and processes, since the problem is growing and risks overwhelming editorial processes reliant on any one check.",https://publicationethics.org/guidance/research-and-reports/paper-mills-research,checked,
RI-050,Expert,Research Integrity & Ethics,authorship-credit; publication-ethics; equity-inclusion,"A research assistant is listed in a paper's CRediT statement under ""Data Curation"" and ""Formal Analysis."" Does this alone qualify them as an author?","No, since CRediT documents contribution roles but does not itself establish that ICMJE's authorship criteria have been met","Yes, since any role listed in a CRediT statement automatically satisfies all ICMJE authorship criteria","No, since CRediT statements are only valid once a journal's editor has personally co-signed each listed role","Yes, but only if the research assistant is also acknowledged separately in the acknowledgements section","No, since research assistants are categorically excluded from ever appearing in a CRediT statement",a,"CRediT and ICMJE serve different, complementary purposes. CRediT documents what a contributor did, while ICMJE's four criteria determine who qualifies as an author. Being named in a CRediT statement for one or two roles doesn't automatically mean the full authorship threshold, substantial contribution, drafting/revising, final approval, and accountability, has been met; teams still need to apply their journal's or discipline's authorship guidance separately, since CRediT and authorship are related but distinct determinations.",https://credit.niso.org/implementing-credit/,checked,
RI-051,Expert,Research Integrity & Ethics,authorship-credit; publication-ethics; equity-inclusion,"A principal investigator not involved in a study insists on being added as an author to every paper from their lab, using their control over students' funding and progress as leverage. How does this differ from ordinary gift authorship?",It does not differ at all; coercion and gift authorship are simply two different names for one identical practice,"It differs only in that coercion authorship is legal, while gift authorship is not",It differs only in that coercion authorship always involves a larger number of total co-authors,"It involves a power imbalance and undue pressure, making it a distinct, more severe form known as coercion authorship","It differs only in that coercion authorship exclusively affects clinical, not academic, research",d,"Coercion authorship is increasingly documented as its own pattern, distinct from ordinary gift authorship because it relies on the asymmetrical power relationship between principal investigators and the graduate students or junior scientists whose funding and career progress often depend on them. Surveys in Sweden, Norway, and Denmark have found its prevalence among doctoral students ranging from 13% to 40%, indicating this is a widespread, pressure-based practice rather than a rare edge case, which is why researchers argue PIs bear special responsibility for not exploiting that power imbalance.",https://casrai.org/dictionary/term/coercive-authorship,checked,
RI-052,Expert,Research Integrity & Ethics,authorship-credit; publication-ethics; equity-inclusion,"An editor tells an author that including several citations to the editor's own journal, with no stated scientific rationale, is a condition for the paper's acceptance. What makes this coercive citation rather than a legitimate editorial suggestion?",Coercive citation is defined entirely by the total number of citations added to a manuscript,The citations lack scientific justification and acceptance is made contingent on adding them,"Any citation an editor recommends is automatically coercive, regardless of context or justification",The citations were suggested during peer review rather than after formal acceptance,The manuscript belongs to a field where citation counts are unusually low on average,b,"Ordinary peer review can legitimately ask authors to expand their citations to improve the paper. What makes a request coercive is a specific pattern: no indication that citations were actually lacking, no suggestion of which body of work to consult, and a directive to cite only the editor's own journal, a combination documented by Wilhite and Fong's 2012 survey, in which about one in five academics reported experiencing it and 86% considered it unethical.",https://en.wikipedia.org/wiki/Coercive_citation,checked,
RI-053,Expert,Research Integrity & Ethics,research-misconduct; publication-ethics,"According to COPE's guidance for editors, why might the same degree of text recycling be judged differently depending on where in a paper it appears?",COPE treats all sections of a paper as functionally identical when assessing recycled text,Only recycled text appearing in a paper's title is ever considered a genuine integrity concern,"Recycled text is judged solely by its word count, regardless of which section it appears in","COPE guidance applies exclusively to recycled data, never to recycled prose",Recycled text in a methods section is generally viewed as more acceptable than the same overlap in a discussion section,e,"COPE's position on text recycling notes that editors weigh several factors case by case, including where the overlap occurs in the paper; text recycled in a methods section is often more defensible, since procedures may legitimately be described in similar or identical language across an author's own studies, whereas the same degree of overlap in a discussion section is more likely to raise concerns about disguising a lack of original contribution.",https://publicationethics.org/guidance/cope-position/handling-text-recycling-also-known-self-plagiarism,checked,
RI-054,Expert,Research Integrity & Ethics,human-subjects; data-ethics,"A researcher removes participant names from a dataset but keeps a separate key linking each pseudonym back to the original identity, for potential re-contact later. Under GDPR, does this pseudonymized dataset fall outside the regulation's scope?","Yes, any dataset with names removed is automatically anonymized and therefore exempt from GDPR entirely","No, because GDPR does not recognize any distinction between pseudonymized and fully identifiable data","Yes, but only if the research is being conducted outside of the European Union","No, pseudonymized data still counts as personal data under GDPR since re-identification remains possible via the key","No, because Article 89 bans the use of pseudonymization in research altogether",d,"GDPR distinguishes pseudonymized data, where identity is masked but recoverable via a separate key, from truly anonymized data, where re-identification is not reasonably possible by any means. Pseudonymization is one of the safeguards the regulation encourages for research (Article 89), but pseudonymized data remains personal data and stays within GDPR's scope as long as a re-identification key exists anywhere; only genuinely anonymized data falls outside the regulation entirely.",https://iapp.org/news/a/how-gdpr-changes-the-rules-for-research,checked,
RI-055,Expert,Research Integrity & Ethics,human-subjects; publication-ethics; data-ethics,"Why does ICMJE require clinical trial registration to occur before participant enrollment begins, rather than simply requiring registration at some point before publication?",Registering before enrollment is required solely it speeds up the ethics review board's approval process,Registering before enrollment prevents researchers from selecting or changing outcomes after seeing how the results turn out,Registering before enrollment is required because unregistered trials are illegal to conduct in most countries,Registering before enrollment is required because participants are entitled to see the registration before consenting,Registering before enrollment has no real purpose beyond satisfying an arbitrary administrative deadline,b,"Clinical trial registration exists to prevent selective publication and selective outcome reporting. If registration happened only before publication rather than before enrollment, researchers could effectively choose their outcomes after seeing the data, then register a protocol that matches whichever results looked favorable. Requiring prospective registration, before the first participant is enrolled, closes that loophole by creating a public, timestamped record of the intended outcomes before anyone knows how the trial will turn out.",https://www.icmje.org/recommendations/browse/publishing-and-editorial-issues/clinical-trial-registration.html,checked,
RM-001,Intermediate,Reproducibility & Open Methods,reproducibility-replicability,"In the influential 2019 US National Academies framing, 'reproducibility' means:",Having your work cited by others,Publishing in a reproducible journal,Getting consistent results from a new study with newly collected data,"Consistent results using the same data, code, and analysis steps",Repeating an experiment in a different country,d,"The National Academies define reproducibility as obtaining consistent results using the same input data, computational steps, methods, code, and conditions of analysis (computational reproducibility).",https://www.nationalacademies.org/read/25303/chapter/3,checked,
RM-002,Beginner,Reproducibility & Open Methods,preregistration,What is 'preregistration' of a study?,Submitting a completed manuscript to a journal before it has actually been written,Paying a required publication fee to the journal well in advance,Formally registering for and obtaining a personal ORCID iD,Publicly specifying hypotheses and analysis plans before collecting or examining the data,Registering in advance to attend an upcoming academic conference,d,"Preregistration means documenting a study's hypotheses and planned analyses in a public registry before data are collected or analyzed, helping distinguish confirmatory from exploratory work.",https://www.cos.io/initiatives/prereg,checked,
RM-003,Intermediate,Reproducibility & Open Methods,reproducibility-replicability,"In the 2019 National Academies distinction, 'replicability' refers to:",Consistent results across studies using newly collected data,Formally translating a published paper into a different language,Depositing and archiving a dataset within a trusted repository,Simply rerunning the exact same code on the exact same original dataset,Reformatting an already-published paper to submit to a new journal,a,"Replicability is obtaining consistent results across different studies that each answer the same scientific question with their own newly collected data, in contrast to reproducibility, which reuses the same data.",https://www.nationalacademies.org/read/25303/chapter/3,checked,
RM-004,Intermediate,Reproducibility & Open Methods,preregistration; peer-review,How does a Registered Report differ from ordinary preregistration?,The study protocol is peer reviewed before data collection and can receive 'in-principle acceptance',It is generally reviewed by an editor after the study has been completed and submitted for publication,"It functions mainly as a second, duplicate registration filed alongside a standard preregistration",It is a publishing format used mainly for randomized clinical trials rather than other study designs,It mainly involves registering a study's title and authors rather than its hypotheses or methods,a,"In a Registered Report, a Stage 1 manuscript (introduction and methods) is peer reviewed before data collection; if accepted in principle, the journal commits to publishing the completed study regardless of whether results are positive, reducing publication bias.",https://www.cos.io/initiatives/registered-reports,checked,
RM-005,Intermediate,Reproducibility & Open Methods,preregistration; policy-compliance,"The TOP Guidelines, adopted by many journals, primarily address:",Setting standard limits on the article processing charges journals may bill,Transparency and openness standards for journal data and code policies,Defining the technical syntax used for persistent identifier strings,Producing an annual ranking of universities based on research output,Standardizing the copyright transfer terms used in publishing agreements,b,"The Transparency and Openness Promotion (TOP) Guidelines, from the Center for Open Science, give journals a menu of standards such as data, analysis code, and materials transparency, each implementable at increasing levels of stringency.",https://www.cos.io/initiatives/top-guidelines,checked,
RM-006,Expert,Reproducibility & Open Methods,preregistration; peer-review,Which set of problems are Registered Reports specifically designed to reduce?,Peer reviewer shortages,Plagiarism and image duplication,Slow typesetting and high APCs,"Bias, p-hacking, and HARKing",Data storage costs,d,"By fixing hypotheses and analyses before results are known and guaranteeing publication of sound studies, Registered Reports target publication bias, p-hacking (exploiting analytic flexibility), and HARKing.",https://www.cos.io/initiatives/registered-reports,checked,
RM-007,Expert,Reproducibility & Open Methods,preregistration; peer-review; policy-compliance,"In the TOP Guidelines, what does having 'three levels' for each standard mean?",It means that three completely separate journals must formally agree on a decision,It means the review process for a manuscript happens across three separate rounds,"Each standard can be implemented with increasing stringency, from disclosure to verification",It means the TOP Guidelines contain only three standards in total,It means authors are given exactly three separate attempts to submit their manuscript,c,Each TOP standard can be adopted at one of three levels of increasing rigor: Level 1 (Disclosed) — authors state whether the practice was followed; Level 2 (Shared and Cited) — the practice is carried out and the output cited; Level 3 (Certified) — an independent party certifies compliance. This lets journals adopt openness incrementally.,https://www.cos.io/initiatives/top-guidelines,checked,
RM-008,Expert,Reproducibility & Open Methods,reproducibility-replicability,Why does the 2019 National Academies report argue that a lack of replicability is not always a sign of error or misconduct?,Non-replication can arise from real complexity and can itself drive discovery,"Because academic journals, as a rule, never actually publish replication studies",Because every single instance of non-replication is ultimately caused by fraud,Because replicating a scientific study is considered impossible in principle,"Because the terms replicability and reproducibility are, in fact, identical concepts",a,"The report notes that some non-replication is expected and even useful: it can result from the genuine complexity of systems under study and can prompt new hypotheses, so it should not be automatically equated with error or misconduct.",https://www.nationalacademies.org/read/25303/chapter/3,checked,
RM-009,Expert,Reproducibility & Open Methods,preregistration; peer-review; policy-compliance,Which organization created and maintains the TOP Guidelines and the associated 'TOP Factor' concept?,"UNESCO, through its open science division",The Center for Open Science (COS),"Crossref, as part of its metadata services","Elsevier, as a commercial publisher","Clarivate, through its Web of Science platform",b,"The Center for Open Science developed the TOP Guidelines (introduced in Science in 2015) and the TOP Factor, an alternative journal metric scoring journals on their transparency policies rather than citations.",https://www.cos.io/initiatives/top-guidelines,checked,
RM-010,Beginner,Reproducibility & Open Methods,computational-reproducibility; software-development,"What is a computational notebook (e.g., Jupyter, R Markdown, Quarto) useful for in reproducible research?",A secure place specifically designed for storing login passwords,"Combining code, outputs, and narrative in one rerunnable document",A tool used specifically for ranking academic journals,A tool intended to entirely replace the formal peer-review process,A service used specifically for assigning persistent DOIs,b,"Computational notebooks interleave executable code, results (tables, figures), and prose, letting others follow and re-execute the exact analytical steps - supporting transparency and computational reproducibility.",https://pmc.ncbi.nlm.nih.gov/articles/PMC9477311/,checked,
RM-011,Beginner,Reproducibility & Open Methods,reproducibility-replicability; computational-reproducibility; data-sharing,Why is sharing analysis code alongside a paper important for reproducibility?,Sharing the code is thought to remove the need to share any underlying data,It lets others see how data were processed and rerun the analysis,Sharing the analysis code is believed to directly raise a journal's impact factor,Sharing the analysis code is a formal requirement for obtaining a DOI,Sharing the code mainly serves to make the resulting paper noticeably shorter,b,Publishing the code makes the analytical steps transparent and allows independent verification and reuse; text descriptions of methods are often too incomplete to reproduce results without the actual code.,https://book.the-turing-way.org/reproducible-research/overview/,checked,
RM-012,Beginner,Reproducibility & Open Methods,reproducibility-replicability,What is protocols.io used for?,A service used specifically for the long-term storage of research datasets,"Creating and sharing detailed, versioned research protocols",A tool used specifically to rank published protocols by their citation count,A service used specifically for registering researchers' ORCID iDs,A tool used by publishers specifically to detect plagiarism in manuscripts,b,"protocols.io is a platform for authoring, sharing, and updating detailed research protocols (often with DOIs), improving methodological transparency and letting others reproduce procedures exactly.",https://www.protocols.io/about,checked,
RM-013,Beginner,Reproducibility & Open Methods,reproducibility-replicability,What is the 'replication crisis' (or reproducibility crisis)?,A general shortage of academic journals willing to publish new research,A situation in which far too many replication studies are being published,A general and pervasive lack of citations across the scientific literature,A broader crisis concerning how research data is stored and archived,Many published results are difficult or impossible to reproduce,e,"The replication crisis refers to widespread difficulty reproducing or replicating published findings - notably highlighted in psychology and biomedicine - prompting reforms in transparency, preregistration, and statistics.",https://en.wikipedia.org/wiki/Replication_crisis,checked,
RM-014,Beginner,Reproducibility & Open Methods,computational-reproducibility; software-development,What is an 'electronic lab notebook' (ELN)?,A tablet device used casually for jotting down personal notes,A piece of software used specifically to manage bibliographic citations,"Software for recording research activities, protocols, and data digitally",A specific type of preprint posted before formal peer review,A system used by journals specifically to manage manuscript submissions,c,"An ELN is digital software for documenting experiments, methods, and results, making records searchable, shareable, time-stamped, and easier to preserve and audit than paper lab notebooks - supporting reproducibility and integrity.",https://book.the-turing-way.org/reproducible-research/rdm/rdm-elns/,checked,
RM-015,Beginner,Reproducibility & Open Methods,computational-reproducibility; software-development,"Why should a random 'seed' be set and reported in analyses involving randomness (e.g., simulations, machine learning)?",So that the underlying computational analysis simply runs faster overall,So that the resulting paper accumulates a higher number of citations,So that operations involving random numbers produce the same results every time,So that the final results of the analysis become fully encrypted,So that the resulting analysis can be formally assigned its own DOI,c,"Setting and reporting a random seed fixes the sequence of pseudo-random numbers, so a simulation, train/test split, or stochastic model yields identical results on re-execution - a small step that greatly aids computational reproducibility.",https://book.the-turing-way.org/reproducible-research/testing/testing-exceptions/#use-random-number-seeds,checked,
RM-016,Beginner,Reproducibility & Open Methods,reproducibility-replicability; peer-review; policy-compliance,What are 'reporting guidelines' such as CONSORT (trials) and PRISMA (systematic reviews)?,Specialized software platforms used to manage the peer-review process,A formal set of rules governing how bibliographic references should be formatted,Systems used specifically for ranking academic journals against each other,Standardized legal frameworks that govern how research outputs may be licensed,Structured checklists specifying what information a study of a given type must report,e,"Reporting guidelines are checklists (e.g., CONSORT for randomized trials, PRISMA for systematic reviews, ARRIVE for animal studies) that define the minimum information needed for transparent, complete, and assessable reporting.",https://www.equator-network.org/,checked,
RM-017,Beginner,Reproducibility & Open Methods,data-sharing,What is 'open materials' in the context of open methods?,Office supplies such as pens and paper that are provided completely free,"Open access journal articles specifically, and nothing else",Making study materials like stimuli and protocols openly available for reuse,Textbooks that have entered the public domain and can be freely reused,Editorial pieces published openly by an academic journal,c,"Open materials means sharing the actual instruments and resources behind a study (surveys, stimuli, analysis code, protocols) so that others can scrutinize, reuse, and attempt to reproduce it - one of the components rewarded by Open Science Badges.",https://www.cos.io/initiatives/badges,checked,
RM-018,Beginner,Reproducibility & Open Methods,computational-reproducibility,"What is ""The Turing Way""?",A ranking that orders universities according to their research output,A tool used specifically for indexing and tracking scholarly citations,A commercial software package used for performing statistical analysis,A server specifically dedicated to hosting early preprint manuscripts,An open handbook of good practices for reproducible research,e,"The Turing Way is an openly licensed, community-authored guide covering reproducible research, project design, communication, collaboration, and ethics, serving as a widely used reference for good practice.",https://book.the-turing-way.org/,checked,
RM-019,Beginner,Reproducibility & Open Methods,reproducibility-replicability; peer-review,What are 'Open Science Badges'?,Formal awards given specifically to a field's single most-cited paper each year,Formal certificates issued to individuals who serve as peer reviewers,Badges certifying that authors made data or materials openly available,Visual labels indicating that a journal has an unusually high impact factor,Name tags that identify attendees at academic conferences,c,"Open Science Badges (from the Center for Open Science) are earned incentives shown on articles indicating open data, open materials, or preregistration, nudging authors toward transparent practices.",https://www.cos.io/initiatives/badges,checked,
RM-020,Beginner,Reproducibility & Open Methods,reproducibility-replicability; computational-reproducibility; software-development,Why is documenting the software versions and dependencies used in an analysis important?,Documenting this information is mainly a way to make the resulting files smaller,Because results can change with different software or package versions,Documenting this information is believed to directly increase citation counts,Documenting this information is a formal requirement for assigning a software license,Documenting software versions is considered relevant for physical computing hardware,b,"Analyses can produce different results under different versions of languages, packages, or libraries; capturing exact versions and dependencies (e.g., in an environment file) lets others rebuild the same environment and reproduce results.",https://book.the-turing-way.org/reproducible-research/renv/renv-options/,checked,
RM-021,Beginner,Reproducibility & Open Methods,preregistration,What does 'preregistration' primarily help distinguish?,It primarily helps distinguish raw underlying data from analysis code,It primarily helps distinguish the paper's authors from its peer reviewers,It primarily helps distinguish open access publishing from subscription publishing,Confirmatory analyses planned in advance from exploratory ones,It primarily helps distinguish journals from institutional repositories,d,"By recording hypotheses and analysis plans before seeing the data, preregistration makes clear which analyses were planned (confirmatory) versus generated after looking at the data (exploratory), curbing practices like HARKing.",https://www.cos.io/initiatives/prereg,checked,
RM-022,Beginner,Reproducibility & Open Methods,computational-reproducibility; software-development,"What is a 'container' (e.g., Docker) in the context of reproducible computation?",A physical box or crate used to store printed materials,A specific standardized format used for citing scholarly sources,A type of online service used specifically for storing research data,A specific category or type of academic journal,A packaged environment bundling code with its dependencies,e,"A container encapsulates an application together with its libraries and configuration, so the analysis behaves consistently across computers, greatly aiding reproducibility of complex computational workflows.",https://book.the-turing-way.org/reproducible-research/renv/renv-options/,checked,
RM-023,Beginner,Reproducibility & Open Methods,preregistration; reproducibility-replicability; publication-ethics,Why is publishing negative or null results valuable for reproducibility and the literature?,"Because negative or null results are, as a general rule, always incorrect",Because studies with negative or null results simply cannot undergo peer review,Because publishing negative results is believed to raise a journal's impact factor,Because omitting them creates publication bias,Because publishing this kind of result is a formal requirement for obtaining a DOI,d,"When only positive findings are published, the literature overstates effects and wastes effort on already-failed approaches; publishing null/negative results counters publication bias and supports accurate meta-analysis and reproducibility.",https://www.cos.io/initiatives/registered-reports,checked,
RM-024,Intermediate,Reproducibility & Open Methods,reproducibility-replicability,What did the Reproducibility Project: Psychology (2015) find?,"Psychology as a field showed strong reproducibility, with only a small number of studies affected","Most of the studies in the sample replicated closely, with similar effect sizes to the originals",The project concluded that replication studies are generally not a useful way to check findings,The project attributed most of the non-replications it found to fraud or misconduct by the original researchers,Many psychology studies did not reproduce when independently replicated,e,"The Open Science Collaboration's large-scale replication of 100 psychology studies found that a large share failed to replicate, with replicated effect sizes typically much smaller than the originals - a landmark empirical demonstration of the replication crisis.",https://www.science.org/doi/10.1126/science.aac4716,checked,
RM-025,Intermediate,Reproducibility & Open Methods,preregistration; publication-ethics,What is 'p-hacking'?,The unethical practice of directly stealing p-values from other researchers' work,Selectively reporting analyses that reach statistical significance,The practice of formally registering a study's hypotheses before collecting data,The practice of openly sharing one's analysis code alongside a publication,"The straightforward, correct statistical procedure for computing a p-value",b,"P-hacking exploits analytic flexibility - testing multiple specifications, adding/dropping cases, or trying many outcomes - and reporting only significant results, which produces spurious 'significant' findings and undermines reproducibility.",https://en.wikipedia.org/wiki/Data_dredging,checked,
RM-026,Beginner,Reproducibility & Open Methods,computational-reproducibility; software-development,What is Binder (mybinder.org) used for?,A traditional bookbinding service used to physically bind printed journal articles,"Turning a code repository into a live, interactive computing environment","A cloud service used specifically for the permanent, long-term storage of large datasets",A service used specifically for assigning persistent DOIs to shared code,A platform used specifically for ranking different pieces of research software,b,"Binder builds an executable environment from a repository's contents and dependency files, letting anyone run the notebooks interactively online - lowering the barrier to reproducing and exploring an analysis.",https://mybinder.readthedocs.io/en/latest/introduction.html,checked,
RM-027,Intermediate,Reproducibility & Open Methods,preregistration; publication-ethics,How does the 'garden of forking paths' concept relate to reproducibility problems?,It describes a particular kind of network built from citation relationships between papers,It describes a specific technical layout used for organizing stored data files,Undeclared analytic choices can lead to false positives without conscious p-hacking,It refers to a standardized template used when writing a study preregistration,It refers to a specific type of software container used in computing,c,"The 'garden of forking paths' (Gelman and Loken) notes that researcher degrees of freedom - defensible choices made contingent on the data - can inflate false positives even without intentional p-hacking, which is why preregistration of analysis plans matters.",forrt.org/glossary/english/garden_of_forking_paths/,checked,
RM-028,Intermediate,Reproducibility & Open Methods,preregistration; publication-ethics,Why is the American Statistical Association's guidance often summarized as 'a p-value is not a measure of effect size or importance'?,Because reporting an effect size alongside a p-value is technically illegal in most fields,"Because p-values, understood correctly, are fundamentally wrong to compute","Because a p-value reflects evidence against a null, not the size or importance of an effect",Because a p-value is understood to directly and precisely measure a study's reproducibility,"Because a p-value is, mathematically, exactly the same thing as a confidence interval",c,"The ASA statement warns against conflating statistical significance with importance: a p-value speaks to compatibility with a null model, not to how large or consequential an effect is, so reporting effect sizes and uncertainty is essential.",https://www.tandfonline.com/doi/full/10.1080/00031305.2016.1154108,checked,
RM-029,Intermediate,Reproducibility & Open Methods,reproducibility-replicability; computational-reproducibility,What is the difference between 'methods reproducibility' and 'results reproducibility' as sometimes distinguished in the literature?,Methods reproducibility is what some other terminologies (e.g. Claerbout's) call 'replicability' instead,"Methods reproducibility is providing enough detail (code, data, protocols) to repeat the study exactly","Methods reproducibility applies only to computational or simulation studies, not experimental research more broadly",Results reproducibility can be fully established even if methods reproducibility is not satisfied,"The distinction is mainly relevant to survey methodology, not experimental or computational science",b,"Goodman, Fanelli, and Ioannidis's lexicon distinguishes methods reproducibility (documenting procedures and data in enough detail to repeat them exactly) from results reproducibility (obtaining the same findings from an independent study with closely matched procedures); the former is what enables the latter to even be tested.",https://pmc.ncbi.nlm.nih.gov/articles/PMC5778115/,checked,
RM-030,Intermediate,Reproducibility & Open Methods,reproducibility-replicability; computational-reproducibility; software-development,Why can proprietary or point-and-click software workflows hinder reproducibility compared with scripted analyses?,"Using proprietary, point-and-click software for analysis is considered outright illegal","Scripted analyses are, in every single case, simply faster to run than GUI-based ones",Point-and-click software workflows are technically incapable of producing figures,"Manual, GUI-based steps are hard to document exactly and repeat",Graphical software interfaces are what handle the technical process of assigning DOIs,d,"Clicking through menus (as in GUI-based image tools or spreadsheets) leaves no complete, shareable record of what was done, so others struggle to retrace or reproduce the steps; a script captures the full sequence of operations, which can be inspected and re-executed exactly.",https://www.nationalacademies.org/read/25303/chapter/7#62,checked,
RM-031,Intermediate,Reproducibility & Open Methods,computational-reproducibility; software-development,What is the aim of workflow-management tools like Snakemake in reproducible research?,To produce a formal ranking that compares different analysis pipelines,To manage and coordinate the formal peer review of submitted manuscripts,"To provide long-term, centralized storage for large research datasets","Automating multi-step analysis pipelines in a documented, rerunnable way",To handle the formal process of assigning open-source software licenses,d,"Workflow managers let researchers specify each processing step and its inputs/outputs so an entire pipeline can be reproduced, scaled, and rerun consistently across systems, with the workflow itself serving as documentation.",https://snakemake.readthedocs.io/en/stable/,checked,
RM-032,Intermediate,Reproducibility & Open Methods,preregistration; peer-review,How does a Registered Report guard against publication bias differently from simply preregistering a study?,The study is peer reviewed and accepted in principle before results are known,The study protocol is reviewed by the journal only after data collection and analysis are complete,This publishing format works by guaranteeing in advance that the study's results will turn out positive,This particular publishing format is notable specifically for skipping the peer-review stage entirely,"There is, in fact, no meaningful difference between this format and simple preregistration",a,"Preregistration records the plan but does not secure publication; a Registered Report adds pre-results peer review and in-principle acceptance, so outcome-independent publication is guaranteed, directly counteracting the file-drawer/publication-bias problem.",https://www.cos.io/initiatives/registered-reports,checked,
RM-033,Intermediate,Reproducibility & Open Methods,reproducibility-replicability; computational-reproducibility; data-sharing,Why is 'open data plus closed code' often insufficient for computational reproducibility?,The underlying dataset is considered less important than the analysis code for reproducibility,"Without the code, others can't know how data were transformed into the results",Because the analysis code is thought to functionally replace the need for the data itself,"Because open data is a more recent requirement than open code, and journals haven't caught up yet",Because keeping the analysis code closed actually makes the overall computation run faster,b,"Reproducing computational results generally requires both the data and the exact processing steps; if the code is unavailable, the transformation from raw data to results is opaque and cannot be faithfully repeated.",https://forrt.org/glossary/english/open_code/,checked,
RM-034,Expert,Reproducibility & Open Methods,reproducibility-replicability,"Why did the Reproducibility Project: Cancer Biology report that many original cancer studies could not even be fully assessed, beyond questions of whether they replicated?",Because the original cancer studies in question were later found to be outright fraudulent,"Original papers lacked methodological detail, and authors often couldn't share materials",Because the field of cancer biology is considered fundamentally unreproducible as a matter of principle,"Because, in fact, every single one of the original studies included ended up replicating successfully",Because attempting to replicate a published study is considered illegal under research regulations,b,"A striking finding of the Cancer Biology project was that incomplete reporting and lack of access to protocols, reagents, and data made many studies impossible to reproduce as written - a transparency failure distinct from outright replication success or failure.",https://www.cos.io/rpcb,checked,
RM-035,Expert,Reproducibility & Open Methods,preregistration; reproducibility-replicability; peer-review,How do preregistration and Registered Reports specifically counter HARKing and the garden of forking paths?,Because using these approaches is believed to eliminate the need for any statistical analysis at all,Because adopting these approaches automatically and mechanically increases a study's sample size,Fixing hypotheses in advance prevents HARKing and undeclared analytic flexibility,Because using these approaches provides a guarantee that a finding will replicate,Because these particular safeguards are understood to work only within formal clinical trials,c,"Committing to hypotheses and analyses in advance means researchers cannot later reframe exploratory findings as predictions (HARKing) or exploit data-dependent choices among many paths, both of which otherwise drive spurious confirmatory results.",https://www.cos.io/initiatives/prereg,checked,
RM-036,Expert,Reproducibility & Open Methods,reproducibility-replicability; computational-reproducibility; software-development,Why is a shared container image often considered stronger evidence of computational reproducibility than a dependency list alone?,"Because containers are, by design, the mechanism used to formally assign persistent DOIs",Because a simple dependency list is technically incapable of ever being shared with others,Because sharing a plain dependency list is considered outright illegal under most licenses,A container captures the entire working environment as an executable artifact,"Because a packaged container image is, in every case, simply smaller in file size than a list",d,"A dependency list may omit system-level libraries or resolve to different versions when rebuilt, whereas a container preserves the actual environment as a runnable artifact, making it more likely others obtain identical results.",https://book.the-turing-way.org/reproducible-research/renv/renv-options,checked,
RM-037,Expert,Reproducibility & Open Methods,reproducibility-replicability; computational-reproducibility,"What is the significance of 'many analysts, one dataset' studies for understanding reproducibility?","With enough independent analysts, the 'true' effect size can be triangulated by simply averaging their results",Independent teams analyzing the same data can reach different results from analytic choices,"Once all teams are given identical data and instructions, their results reliably converge","Studies of this kind are, in essence, primarily concerned with how data should be physically stored",These findings are specific to sports analytics and don't generalize to other empirical fields,b,"In Silberzahn et al.'s landmark study, 29 teams of 61 analysts examined identical data on the same question (whether soccer referees show bias against dark-skin-toned players) and produced effect sizes ranging from 0.89 to 2.93 in odds-ratio units, with 69% finding a significant effect and 31% not. Neither analysts' prior beliefs, expertise, nor peer-rated quality explained the variation. As the authors put it, crowdsourcing data analysis ""makes transparent how defensible, yet subjective, analytic choices influence research results,"" underscoring the value of preregistration, multiverse analysis, and transparency.",https://journals.sagepub.com/doi/10.1177/2515245917747646,checked,
RM-038,Expert,Reproducibility & Open Methods,reproducibility-replicability; computational-reproducibility; data-sharing,Why is documenting provenance and computational environment increasingly framed as part of making workflows 'FAIR'?,"Because treating workflows as FAIR research objects lets others find, access, and rerun them, with provenance capturing the execution history needed for reuse",Because FAIR requires workflows to be made fully open access; provenance and environment details are recorded to satisfy that openness requirement,"Because FAIR workflows are, by definition, also reproducible; satisfying the FAIR principles guarantees a workflow's results can be replicated","Because computational workflows are, by their very nature, fundamentally incapable of being shared","Because provenance and environment details are captured to assess workflow quality and correctness, which FAIR treats as a core principle alongside the four standard ones",a,"Extending FAIR to workflows (via the WCI-FW group's FAIR data and software adaptations) recognizes that reproducible science needs the pipelines themselves to be documented, shareable, and rerunnable; provenance falls under Reusability (R1.3), and computational environment details support Interoperability, since missing context is one of the main barriers to porting workflows across systems.",https://www.nature.com/articles/s41597-025-04451-9,checked,
RM-039,Expert,Reproducibility & Open Methods,preregistration; reproducibility-replicability; peer-review,"How does selective reporting of outcomes in clinical trials undermine reproducibility, and what mechanism addresses it?",Selective reporting of trial outcomes is generally understood to have no meaningful effect at all,The recommended mechanism for addressing this problem is to stop registering clinical trials altogether,Reporting only the most favorable outcomes actually tends to improve a study's overall reproducibility,Outcome-switching biases evidence; prospective trial registration lets others detect it,The recommended mechanism for addressing this problem is simply to publish trial results faster,d,"When trialists emphasize outcomes that turned out significant and drop pre-specified ones, results are biased and hard to reproduce; mandatory prospective registration of primary outcomes enables comparison of what was planned versus reported, deterring outcome-switching.",link.springer.com/article/10.1186/s13063-019-3173-2,checked,
RM-040,Expert,Reproducibility & Open Methods,reproducibility-replicability; computational-reproducibility,Why is 'reproducible' not the same as 'correct'?,An analysis can be reproducible only if it has also been independently peer-reviewed and validated,An analysis can be reproducible yet still be based on flawed data or wrong assumptions,A reproducible analysis is generally understood to also be a correct one,A correct analysis is generally understood to also be a reproducible one,Neither of these two properties is considered relevant when evaluating research,b,"Reproducibility ensures the reported results follow from the stated data and code, enabling scrutiny; but it says nothing about whether the data are sound or the methods appropriate, so a reproducible result can still be wrong.",https://www.nationalacademies.org/read/25303/chapter/3,checked,
RM-041,Expert,Reproducibility & Open Methods,reproducibility-replicability,Why do some scholars argue that a degree of non-replication is a normal and even healthy feature of science rather than a pure 'crisis'?,Because non-replication is thought to result mainly from journals declining to publish replication studies in the first place,Because these scholars hold that non-replication is always the result of researchers making outright errors,Because these scholars believe science should generally avoid drawing attention to its own mistakes,"Because a degree of self-correction is normal, but these scholars argue science should not actively pursue it",Variability in complex systems means some non-replication is expected and can inform discovery,e,"As the National Academies noted, some non-replication legitimately arises from the complexity and stochasticity of what is studied and can drive discovery; the crisis framing is better aimed at the avoidable causes - bias, questionable practices, and inadequate transparency - than at all non-replication.",https://www.nationalacademies.org/read/25303/chapter/3,checked,
RM-042,Expert,Reproducibility & Open Methods,reproducibility-replicability; publication-ethics,"How does the incentive structure of academic publishing contribute to the reproducibility crisis, and what reforms target this?","Publishing incentives mainly affect how quickly papers appear in print, not whether their results hold up",The proposed solution is simply to place even greater editorial emphasis on producing novel findings,A preference for novel results over replications discourages verification; reforms reward rigor instead,"The reforms scholars propose mainly involve counting replication attempts the same way citations are currently counted, with no other changes needed","Because researchers are personally responsible for the crisis, incentive structures are considered a separate, unrelated issue",c,"Because journals and evaluators have favored striking positive findings, researchers are pushed toward practices that reduce reproducibility and away from replication; structural fixes - outcome-independent publishing, registered replications, transparency mandates, and reforming what counts in assessment - realign incentives with reliability.",https://www.pnas.org/doi/10.1073/pnas.2401231121,checked,
RM-043,Expert,Reproducibility & Open Methods,preregistration; reproducibility-replicability; computational-reproducibility,"What is a 'multiverse analysis', and how does it improve transparency about analytic flexibility?",A technique in which every result except the single best-looking one is simply deleted,An approach in which a single analysis is run once and its result is simply reported as-is,A speculative technique that involves analyzing data collected from parallel universes,Reporting how results vary across reasonable analytic choices,A specific technical term referring to a type of software container used in computing,d,"A multiverse (or specification-curve) analysis runs and reports the outcome across the full set of defensible analytic choices, making the dependence of conclusions on those choices explicit rather than hidden - directly countering selective reporting and the garden of forking paths.",https://journals.sagepub.com/doi/10.1177/1745691616658637,checked,
RM-044,Expert,Reproducibility & Open Methods,reproducibility-replicability; computational-reproducibility; software-development,"Why can strict computational reproducibility still fail over long timescales, even with shared code and data?","Long-term computational reproducibility, in practice, essentially never fails once code is shared","Software ecosystems evolve, so shared code can stop running as languages, libraries, or platforms change",Because attempting to reproduce results is considered legally prohibited after just one year,Because the underlying data involved is understood to simply disappear instantly over time,"Because academic journals, as a matter of policy, routinely delete the code they receive",b,"Even well-shared analyses can stop running years later as languages, libraries, and platforms change or vanish — a phenomenon sometimes called ""code rot"" or ""dependency rot."" Strategies like containerizing and archiving the full environment, preferring open and stable formats, and emulation can help preserve executability, though none is a permanent guarantee.",https://book.the-turing-way.org/reproducible-research/renv/renv-options,checked,
RM-045,Intermediate,Reproducibility & Open Methods,reproducibility-replicability; computational-reproducibility; data-sharing,"Besides sharing data and code, why do researchers also need to document the computational environment (e.g., software versions and dependencies) used in an analysis?",Because the same code can produce different results when run with different software versions or dependencies,Because documenting the environment is a formal requirement for assigning a dataset's DOI,Because listing software versions is understood to automatically improve a paper's citation count,Because the computational environment is thought to functionally replace the need for sharing code,"Because documenting the environment is mainly a courtesy to reviewers, with no bearing on reproducibility itself",a,"Code that runs correctly in one environment can produce different results (or fail entirely) in another due to differences in software versions, libraries, or operating systems; documenting the environment lets others recreate the exact conditions needed to reproduce results.",https://book.the-turing-way.org/reproducible-research/renv,checked,
RM-046,Intermediate,Reproducibility & Open Methods,preregistration,What is the value of preregistering analysis plans in observational (non-experimental) studies?,Preregistering an observational study's analysis plan is thought to replace formal peer review,"Preregistration, as a practice, is understood to be useful for true experimental studies",Preregistering an analysis plan is believed to guarantee that any resulting conclusions are causal,Preregistering an analysis plan is thought to remove the need to actually collect data,"It constrains analytic flexibility, distinguishing confirmatory from exploratory analyses",e,"Even without an experiment, observational analyses face many analytic choices; preregistering the plan separates confirmatory from exploratory analyses and curbs the selective, data-dependent decisions that inflate false positives.",https://www.cos.io/initiatives/prereg,checked,
RM-047,Beginner,Reproducibility & Open Methods,reproducibility-replicability; computational-reproducibility,"A researcher takes a published study's original code and original dataset, runs the analysis again, and gets the same numbers. What has she just done?",Reproduced the result,Replicated the result,Falsified the result,Preregistered the result,Peer-reviewed the result,a,Rerunning the same analysis on the same data to confirm the same result is reproducing (in the common NASEM framing). Replicating would instead mean collecting new data to see if the finding holds again.,https://www.nationalacademies.org/read/25303/chapter/3,checked,
RM-048,Intermediate,Reproducibility & Open Methods,preregistration; reproducibility-replicability; publication-ethics,Why can publication bias distort systematic reviews and meta-analyses?,"Because systematic reviews, by their nature, simply ignore every individual study available",Because researchers conducting meta-analyses are known to routinely fabricate their underlying data,"Positive-result studies are more likely to be published, so reviews overestimate effects",Because studies that report null or negative results are generally found to be incorrect,Because systematic reviews of this kind draw their evidence exclusively from preprint servers,c,"If positive findings are preferentially published, a meta-analysis built on the visible literature will over-represent positive effects and overstate the true effect, which is why registries and searching for unpublished results matter.",https://forrt.org/glossary/english/publication_bias_file_drawer_problem_/,checked,
RM-049,Expert,Reproducibility & Open Methods,reproducibility-replicability,Why is 'reproducible but not replicable' a coherent and informative outcome?,This outcome would specifically indicate that the original analysis had been fraudulently conducted,"This particular combination of outcomes is, on its face, a logical contradiction",A result can be computationally reproducible yet fail to replicate with fresh data,This outcome would specifically mean that the underlying dataset had since been deleted,"It would simply mean that the two terms, reproducible and replicable, are actually synonyms",c,"Because reproducibility and replicability are distinct, a study can be perfectly reproducible while a fresh-data replication does not reproduce the effect, pointing to generalizability or robustness issues rather than a mistake in the original computation.",https://www.nationalacademies.org/read/25303/chapter/3,checked,
SI-001,Beginner,Open Scholarly Infrastructure,metadata; persistent-identifiers,Crossref is best described as:,A government agency responsible for regulating scholarly publishing,A university ranking service that compares institutions annually,A social networking platform designed specifically for scientists,A nonprofit that registers DOIs and metadata for scholarly content,A commercial publisher that produces its own line of academic journals,d,"Crossref is a not-for-profit membership organization, founded in 2000, that registers DOIs and rich metadata for journal articles, books, and other scholarly outputs, and offers services to find, cite, and link them.",https://www.crossref.org/about/,checked,
SI-002,Beginner,Open Scholarly Infrastructure,metadata; research-metrics,OpenAlex is:,A preprint server where researchers post manuscripts before formal review,"A free and open index of scholarly works, authors, institutions, sources, and more",A commercial database like Web of Science with subscription-only access,A reference manager used to organize and format bibliographic citations,A tool used by publishers specifically to detect plagiarism,b,"OpenAlex, run by the nonprofit OurResearch, is a free, openly licensed (CC0) index of scholarly entities: works, authors, sources, institutions, topics, publishers, and funders, offered with a free API.",https://docs.openalex.org/,checked,
SI-003,Beginner,Open Scholarly Infrastructure,repositories; metadata; open-access-models,What does the Unpaywall service help users do?,A service that ranks academic journals by their overall prestige,A tool that helps users bypass all forms of copyright restriction,A cloud service that lets researchers store their own personal data,A payment platform used specifically to pay article processing charges,"Find legal, freely available open access versions of scholarly articles",e,"Unpaywall, from OurResearch, locates legally available open access copies of articles by harvesting repositories and publisher sites, delivered via a browser extension and API.",https://unpaywall.org/,checked,
SI-004,Intermediate,Open Scholarly Infrastructure,metadata; persistent-identifiers,What is the primary difference in scope between Crossref and DataCite?,Crossref focuses mainly on registering DOIs for publications like journal articles,"DataCite is, in fact, a commercial publisher that sells subscriptions",Crossref primarily handles research data while DataCite handles journal articles,Neither Crossref nor DataCite actually issues any DOIs at all,"Crossref and DataCite are, in fact, simply the same organization",a,"Both are DOI Registration Agencies licensed by the International DOI Foundation, but they specialize by content type",https://casrai.org/guides/doi-registration-agency,checked,
SI-005,Beginner,Open Scholarly Infrastructure,infrastructure-governance; infrastructure-sustainability,What does SPARC (in the scholarly-communications context) stand for and do?,"SPARC: advocates for open access, open data, and open education",A commercial publisher that sells subscriptions to its own journals,A commercial metrics firm that sells citation and impact data,A data repository whose main function is storing research datasets,A commercial ranking agency that produces annual university rankings,a,"SPARC is the Scholarly Publishing and Academic Resources Coalition, a nonprofit whose members are libraries and academic organizations, advocating for open access, open data, and open education and driving policy change.",https://sparcopen.org/who-we-are/,checked,
SI-006,Intermediate,Open Scholarly Infrastructure,infrastructure-governance; infrastructure-sustainability,The Principles of Open Scholarly Infrastructure (POSI) are organized around which three areas?,"Scalability, security, and profitability","Peer review, editing, and typesetting","Transparency, accountability, and compliance","Findability, accessibility, and reuse","Governance, sustainability, and insurance",e,"POSI groups its principles into governance (e.g., stakeholder-governed, cannot lobby), sustainability (e.g., transparent operations, revenue from services not data), and insurance (e.g., open source, data available for others to replicate if the organization fails).",https://openscholarlyinfrastructure.org/,checked,
SI-007,Beginner,Open Scholarly Infrastructure,infrastructure-governance; infrastructure-sustainability,"Which organization is chiefly known for research, advocacy, and tools (such as 'Infra Finder') to help sustain and fund open scholarly infrastructure?","arXiv, a preprint server for physics and math","Elsevier, a large commercial publisher","Clarivate, a commercial analytics company","ORCID, a researcher identifier registry",Invest in Open Infrastructure (IOI),e,"Invest in Open Infrastructure (IOI) is an independent nonprofit that produces research, advisory work, and tools like Infra Finder to help the community understand, coordinate investment in, and sustain open research infrastructure.",https://investinopen.org/about/,checked,
SI-008,Beginner,Open Scholarly Infrastructure,infrastructure-governance; metadata; persistent-identifiers,FORCE11 is best known as the community associated with which of the following?,"The Budapest Open Access Initiative, an early open access declaration","The Handle System, the technology underlying DOI resolution","The FAIR Data Principles, a framework for research data reuse","The Journal Impact Factor, a widely used citation metric","The h-index, a common measure of researcher productivity",c,"FORCE11 (Future of Research Communications and e-Scholarship) is a community that helped produce foundational frameworks including the FAIR guiding principles, the Joint Declaration of Data Citation Principles, and the Software Citation Principles.",https://force11.org/info/community-outcomes/,checked,yes
SI-009,Expert,Open Scholarly Infrastructure,infrastructure-governance; infrastructure-sustainability; publishing-economics,"POSI's Sustainability principles state that revenue should be generated ""from services, not data."" What is the reasoning behind this distinction?","Data related to running the infrastructure should remain community property, so revenue instead comes from things like value-added services, consulting, or membership fees","Selling data is explicitly required, since it is the only sustainable revenue source available to nonprofit infrastructure","POSI considers all forms of revenue generation equally acceptable, with no distinction between data and services","Membership fees and consulting are prohibited under POSI, leaving data sales as the only compliant option","The distinction applies only to for-profit infrastructure providers, not to nonprofits",a,"POSI's Sustainability principles state that data related to running scholarly infrastructure should be treated as community property, not a revenue source. Instead, appropriate revenue comes from value-added services, consulting, API Service Level Agreements, or membership fees, revenue tied to what the organization does, not what it holds.",https://openscholarlyinfrastructure.org/,checked,
SI-010,Beginner,Open Scholarly Infrastructure,infrastructure-sustainability; preservation,What is the main purpose of digital preservation services like CLOCKSS?,To handle the technical process of assigning DOIs to journal content,To calculate and publish official journal impact factor scores,To ensure scholarly content remains accessible in the long term,To scan published content and detect instances of plagiarism,To produce an annual ranking of academic journals by prestige,c,"CLOCKSS is a ""dark archive"" that preserves scholarly content but keeps it inaccessible until a ""trigger event"" occurs (e.g., a publisher ceasing operations), at which point the content becomes freely available to everyone.",https://clockss.org/faq/,checked,
SI-011,Beginner,Open Scholarly Infrastructure,repositories; metadata; open-access-models,What does OpenAIRE do?,Sells discounted airline tickets specifically to traveling researchers,Handles the technical process of assigning ORCID iDs to researchers,Directly publishes its own line of peer-reviewed academic journals,Provides open infrastructure to support open science across Europe,Produces an annual ranking of European universities by research output,d,"OpenAIRE is a European-rooted nonprofit infrastructure that aggregates metadata on research outputs, supports open-science policy and practice, and offers services connecting publications, data, software, and funding across a network of national hubs.",https://www.openaire.eu/about,checked,
SI-012,Beginner,Open Scholarly Infrastructure,infrastructure-governance; repositories; open-access-models,What is the Public Knowledge Project (PKP) best known for?,A commercial citation database sold on a subscription basis,A government funding agency that distributes competitive research grants,"Developing free, open-source software such as Open Journal Systems",A commercial firm that produces annual university rankings,A preprint server where researchers post manuscripts before review,c,"PKP develops open-source publishing software, most prominently Open Journal Systems (OJS), which powers thousands of journals worldwide, especially supporting low-cost and diamond open-access publishing.",https://pkp.sfu.ca/,checked,
SI-013,Beginner,Open Scholarly Infrastructure,infrastructure-governance; repositories; metadata,What is COAR (the Confederation of Open Access Repositories)?,"A single, centralized global repository that hosts all open access content",A commercial vendor that sells repository software to institutions,An association that helps align open-access repositories worldwide,A citation index used to track how often research outputs are referenced,A funding body that distributes grants for repository development,c,"COAR is a global, member-based association that promotes and coordinates repositories - developing interoperability, shared practices, and initiatives like COAR Notify - to strengthen the worldwide network of open-access repositories.",https://www.coar-repositories.org/,checked,
SI-014,Beginner,Open Scholarly Infrastructure,repositories; metadata; open-access-models,What service does BASE (Bielefeld Academic Search Engine) provide?,A search engine indexing metadata of open documents worldwide,A formal peer-review service offered directly to academic journals,A commercial platform for selling discounted academic books,A service that produces formal rankings of individual researchers,A registration agency that handles the technical process of assigning DOIs,a,"BASE, run by Bielefeld University Library, is one of the largest search engines for open-access and repository content, harvesting metadata from thousands of sources to help users discover scholarly documents.",https://www.base-search.net/about/en/index.php,checked,
SI-015,Beginner,Open Scholarly Infrastructure,repositories; metadata; open-access-models,What is CORE (core.ac.uk) known for?,An annual ranking service that ranks universities by research output,A commercial platform that sells journal subscription packages,A repository that hosts only research datasets,A registry that handles the technical process of assigning ORCID iDs,Aggregating access to millions of open-access research papers,e,"CORE aggregates open-access full-text research papers from repositories and journals worldwide, offering search, text, and data-mining services and APIs over one of the largest collections of OA content.",https://core.ac.uk/about,checked,
SI-016,Beginner,Open Scholarly Infrastructure,infrastructure-governance; repositories; metadata,What is the Center for Open Science (COS)?,A commercial citation database sold to libraries on subscription,A government funding agency that distributes competitive research grants,"A nonprofit whose mission is to increase openness, integrity, and trustworthiness of research, and that builds the Open Science Framework (OSF)",A commercial firm that produces an annual ranking of universities,A subscription-based academic journal covering open science topics,c,"COS is a nonprofit that builds the Open Science Framework (a free project-management and sharing platform) and drives open-science initiatives including preregistration, Registered Reports, Open Science Badges, and the TOP Guidelines.",https://www.cos.io/about,checked,
SI-017,Beginner,Open Scholarly Infrastructure,repositories; metadata,What is the Open Science Framework (OSF)?,A traditional peer-reviewed journal that publishes original research articles,"A free platform to manage, share, and preregister research projects",A specific citation metric used to measure a researcher's overall impact,A government funding scheme that distributes competitive research grants,A commercial cloud storage platform available exclusively to private industry,b,"The OSF, from the Center for Open Science, is a free web platform supporting the whole research workflow - organizing projects, connecting storage and tools, sharing outputs, and preregistering studies - to promote transparency and collaboration.",https://www.cos.io/products/osf,checked,
SI-018,Beginner,Open Scholarly Infrastructure,infrastructure-governance; metadata; persistent-identifiers,What kind of organization is DataCite?,A commercial publisher that sells subscriptions to its own journal titles,A nonprofit DOI registration agency for research data and software,A commercial agency that produces annual rankings of research institutions,A social networking platform designed specifically for academic researchers,A government council that distributes competitive research funding grants,b,"DataCite is a nonprofit membership organization and DOI registration agency focused on making research data and other outputs citable and findable through DOIs and rich metadata, and it co-operates services like ROR.",https://datacite.org/,checked,
SI-019,Beginner,Open Scholarly Infrastructure,infrastructure-governance; metadata; persistent-identifiers,"Why are Crossref, DataCite, and ORCID sometimes described as key 'open' infrastructure organizations?",Because all three organizations are directly owned and operated by national governments,Because each organization sells exclusive access to its underlying data for profit,Because they are community-governed nonprofits many systems depend on,Because their primary function is to produce formal rankings of academic journals,Because each of the three organizations only serves researchers in a single country,c,"Crossref (publication DOIs/metadata), DataCite (data DOIs/metadata), and ORCID (researcher IDs) are member-governed nonprofits whose open identifiers and metadata underpin much of the scholarly ecosystem, exemplifying open scholarly infrastructure.",https://datacite.org/event/open-new-possibilities-with-open-infrastructure-2/,checked,
SI-020,Beginner,Open Scholarly Infrastructure,infrastructure-sustainability; preservation,"What does a 'dark archive' (e.g., CLOCKSS) mean?",An unofficial website that hosts pirated copies of copyrighted journal articles,An archive that specifically collects and stores books that have been formally banned,An archive released to the public only if the source becomes unavailable,An archive that preserves raw files but stores no descriptive metadata,A secret database maintained and operated exclusively by a national government,c,"A dark archive stores content securely without providing routine access; it makes material openly available only when a 'trigger event' (like a publisher ceasing operations) permanently removes the original, safeguarding continuity of access.",https://www.clockss.org/,checked,
SI-021,Beginner,Open Scholarly Infrastructure,metadata; corrections-retractions,What is Crossref's 'Similarity Check' service used for?,A tool used specifically to detect and flag duplicate DOI registrations,Helping publishers screen manuscripts for plagiarism using iThenticate,A tool used specifically for comparing journals' official impact factors,A tool used specifically to match submitted manuscripts with suitable reviewers,A tool used specifically to check for similarity between different authors' names,b,"Similarity Check gives Crossref member publishers access to iThenticate to compare submissions against a large database of published content, supporting plagiarism screening during editorial evaluation.",https://www.crossref.org/services/similarity-check/,checked,
SI-022,Beginner,Open Scholarly Infrastructure,repositories; metadata; open-access-models,What is OpenDOAR?,A curated global directory of open-access repositories and their policies,A platform that coordinates and manages the formal peer-review process,A registration agency responsible for issuing new DOIs to publishers,A formal technical standard governing the manufacturing of doors,A database that tracks funding awards made by research grant agencies,a,"OpenDOAR is an authoritative, curated directory of open-access repositories worldwide, listing their content types, policies, and features to help users and services find and assess repositories.",https://opendoar.ac.uk/,checked,
SI-023,Beginner,Open Scholarly Infrastructure,preservation; metadata; persistent-identifiers,What is the role of the ISSN International Centre?,To handle the technical process of assigning DOIs to journal articles,To provide long-term hosting and storage for research datasets,To produce an annual ranking of journals by their overall prestige,To coordinate the ISSN network and assign ISSNs to serials,To handle the technical process of registering new ORCID iDs,d,"The ISSN International Centre, with a network of national centres, manages the assignment and registry of ISSNs - the standard identifiers for serial publications - ensuring serials can be reliably identified worldwide.",https://www.issn.org/the-centre-and-the-network/our-mission/the-international-centre-for-the-registration-of-serial-publications-cieps/,checked,
SI-024,Intermediate,Open Scholarly Infrastructure,preservation; metadata; persistent-identifiers,What does Crossref's 'Crossmark' feature provide to readers?,A numerical score indicating the likelihood that the article was plagiarized,The official journal impact factor of the publication in question,"The corresponding author's registered ORCID iD, displayed for readers",A running total of how many times the article has been formally cited,A logo showing whether a document is current or has been updated,e,"Crossmark gives readers a way to check a document's status - confirming it is up to date and revealing publisher updates like corrections or retractions - helping ensure they are relying on the current, trustworthy version.",https://www.crossref.org/services/crossmark/,checked,
SI-025,Intermediate,Open Scholarly Infrastructure,infrastructure-governance; infrastructure-sustainability; publishing-economics,What is SCOSS (the Global Sustainability Coalition for Open Science Services)?,"A single, centralized repository that hosts open-science content directly",A specific citation metric used to measure a service's overall impact,A commercial funder that provides grants to for-profit publishing companies,An initiative that coordinates community funding for open infrastructure,A ranking system that compares different open-science services to each other,d,"SCOSS runs a coordinated process to select vital open infrastructures (e.g., DOAJ, SHERPA, OpenCitations) and mobilize collective financial support from the community, addressing the sustainability of shared open services.",https://scoss.org/what-is-scoss/,checked,
SI-026,Intermediate,Open Scholarly Infrastructure,infrastructure-sustainability; preservation,What is the 'Keepers Registry' used to check?,Which archiving agencies happen to charge a fee for their preservation services,Which academic journals currently have the highest official impact factor,Which individual authors keep their personal ORCID records fully updated,Which archiving agencies are preserving which continuing (serial) resources,Which specific DOIs have mistakenly been registered more than once,d,"The Keepers Registry monitors the archiving activity of participating preservation services, showing which serials/e-journals are being 'kept' and helping the community spot content at risk of loss - supporting collective preservation.",https://keepers.issn.org/,checked,
SI-027,Intermediate,Open Scholarly Infrastructure,repositories; metadata; open-access-models,How does a platform like DSpace relate to institutional repositories?,A commercial system used specifically to rank institutional repositories,A commercial database used specifically to track scholarly citations,A preprint server used specifically for posting early manuscripts,A government funding agency that supports repository development,An open-source software platform used to build institutional repositories,e,"DSpace, stewarded by Lyrasis, is one of the most widely used open-source platforms on which institutions build repositories to store, manage, and provide open access to their outputs. Over 3,000 organizations currently use DSpace, most commonly research libraries running it as their institutional repository.",https://dspace.lyrasis.org/,checked,
SI-028,Intermediate,Open Scholarly Infrastructure,metadata; research-metrics,What distinguishes OpenAlex from proprietary databases like Scopus and Web of Science in the scholarly-information landscape?,OpenAlex is more expensive to access than either alternative,OpenAlex is a resource that covers research from biomedical discipline,OpenAlex is a resource that is directly owned and operated by US national government,"OpenAlex is an index that only has abstract, it does not include any citation data ","OpenAlex provides an openly licensed (CC0), free index of works, authors, institutions, sources, and more with an open API",e,"OpenAlex (by the nonprofit OurResearch) is a fully open catalog offering free, CC0-licensed data on works, authors, institutions, sources, topics, publishers, and funders, accessible via a free API. OpenAlex explicitly positions itself as an open replacement for paywalled services like Scopus and Web of Science, citing broader coverage, openness, and accessibility as its key advantages.",https://developers.openalex.org/,checked,
SI-029,Intermediate,Open Scholarly Infrastructure,metadata; persistent-identifiers; corrections-retractions,What is the significance of Crossref acquiring and openly releasing the Retraction Watch database (2023) for scholarly infrastructure?,"It integrated a comprehensive, curated retraction dataset into open infrastructure (the Crossref API)",It made the underlying retraction data considerably more proprietary and restricted,It resulted in a formal ranking of journals based on their retraction counts,It led to previously retracted papers being permanently deleted from record,It effectively replaced the need for any form of formal peer review,a,"By acquiring the Retraction Watch database and making it openly available through its API, Crossref embedded a key integrity dataset into open scholarly infrastructure, enabling widespread, free reuse in discovery and integrity tools.",https://www.crossref.org/blog/news-crossref-and-retraction-watch/,checked,
SI-030,Intermediate,Open Scholarly Infrastructure,infrastructure-governance; metadata; research-metrics,What role does Wikidata increasingly play in open scholarly infrastructure?,It is expected to eventually replace academic journals as the primary venue for publishing,"It provides an open, linked knowledge base connecting scholarly entities",It primarily functions as a service that produces formal rankings of universities,Its main role is to handle the technical process of assigning new DOIs,Its main role is to host the complete full text of published articles,b,"Wikidata is an open, linked knowledge base connecting scholarly entities, researchers, institutions, publications, and their identifiers, through a web of interlinked data. As a ""data hub,"" it forms part of the technical foundation for Open Science, letting information specialists and researchers link and enrich records (e.g., linking to ISSN, ORCID, and other identifier systems) without going through traditional publishing workflows.",https://www.zbw-mediatalk.eu/2021/03/wikidata-and-open-science-a-model-for-open-data-work/,checked,
SI-031,Intermediate,Open Scholarly Infrastructure,repositories; metadata; open-access-models,"Why is repository interoperability (e.g., shared metadata formats and protocols like OAI-PMH, or newer approaches like COAR Notify) important?",It mainly serves to increase the total physical storage capacity that repositories require,It is mainly a mechanism used to calculate and assign official impact factor scores,It is mainly used to produce a formal ranking that compares different repositories,"It lets repositories, aggregators, and services exchange metadata and notifications consistently",It works primarily by encrypting the content stored within participating repositories,d,"OAI-PMH (the Open Archives Initiative Protocol for Metadata Harvesting) is a low-barrier mechanism that lets repositories act as ""data providers,"" exposing structured metadata that aggregators and other services can harvest and build on. Newer protocols like COAR Notify extend this further, letting repositories exchange event notifications with external services such as peer review platforms. Together, these shared protocols connect distributed repositories into a functioning network rather than leaving them as isolated silos.",https://www.openarchives.org/pmh/,checked,
SI-032,Intermediate,Open Scholarly Infrastructure,infrastructure-sustainability; preservation,What is the difference in preservation approach between LOCKSS and a 'trigger'-based archive like Portico?,LOCKSS distributes many copies across libraries; Portico is centralized,"There is, in practice, no meaningful difference between the two approaches",LOCKSS functions mainly as a service that produces formal rankings of journals,"Portico, unlike LOCKSS, only preserves research datasets ","Both LOCKSS and Portico store content in the cloud, with no physical library involvement",a,"LOCKSS (""Lots Of Copies Keep Stuff Safe"") uses a decentralized, peer-to-peer model: member libraries each run a LOCKSS system that ingests and holds its own copy of content, and these systems continually compare copies with each other to detect and repair damage or loss. Portico, by contrast, operates as a centralized archive that releases content to participating libraries only when a defined ""trigger event"" occurs. These represent two complementary approaches to long-term e-journal preservation.",https://www.lockss.org/use-lockss/how-lockss-works,checked,
SI-033,Intermediate,Open Scholarly Infrastructure,preservation; repositories; metadata,"What does the Directory of Open Access Repositories ecosystem (OpenDOAR, re3data) collectively help users and services do?",It primarily helps produce formal rankings that compare individual researchers,It primarily handles the technical process of assigning new DOIs to outputs,It primarily functions as a tool for detecting plagiarism in submitted work,It primarily helps users find and compare repositories by discipline and content type,It primarily functions as a service for calculating official impact factor scores,d,"re3data and OpenDOAR are complementary registries that let researchers, funders, and systems locate and evaluate appropriate repositories, re3data for research data repositories (searchable by certification, metadata standards, and discipline), and OpenDOAR for open-access publication repositories. Both help match users and services with repositories that fit their needs.",https://www.re3data.org/about,checked,
SI-034,Expert,Open Scholarly Infrastructure,infrastructure-governance; infrastructure-sustainability; publishing-economics,Why is the sustainability of open scholarly infrastructure considered a systemic concern rather than a set of isolated organizational problems?,"Because each open infrastructure operates independently, so a funding failure at one is unlikely to affect other services","Because open infrastructure services are typically funded by a stable, long-term government endowment","Because open infrastructure services are deeply interdependent, so a funding failure at one widely-relied-upon service can cascade and threaten the reliability of everything built on top of it","Because sustainability is mainly a branding concern, with little practical effect on whether a service keeps running",Because commercial infrastructure providers are generally expected to absorb open infrastructure services that fail,c,"Open infrastructure is rarely a single, standalone tool, identifiers resolve against registries, metadata flows between systems, and services build on one another. A funding shortfall or collapse at one widely-used piece of this network doesn't stay contained; it can cascade and threaten everything that depends on it. Landscape analyses have found some of the most heavily used open infrastructure services run with a core team of just two to five people, and that many would close within six months without continued grant funding, illustrating how thin and precarious this shared foundation really is.",https://commonplace.knowledgefutures.org/pub/iysnza0k/release/2,checked,
SI-035,Expert,Open Scholarly Infrastructure,infrastructure-governance; infrastructure-sustainability,"Under POSI's Insurance principles, what does ""patent non-assertion"" actually require of an open infrastructure organization?",The organization is barred from obtaining any patents under any circumstances,"It may hold patents to protect its own operations, but cannot use them to block the community from replicating the infrastructure",The organization must eventually transfer all existing patents to a national government upon request,t must license any patents it holds exclusively to a commercial partner,"Patents are irrelevant to POSI, since the principles only address software licensing",b,"POSI's patent non-assertion principle doesn't forbid an organization from holding patents, it may still obtain them to protect its own operations. What it prohibits is using those patents to prevent the community from forking or replicating the infrastructure if needed, preserving the ""insurance"" that open source and open data are meant to provide.",https://openscholarlyinfrastructure.org/,checked,
SI-036,Expert,Open Scholarly Infrastructure,infrastructure-governance; infrastructure-sustainability; metadata,Why does Crossref's Grant Linking System matter for the broader research-information graph?,It helps produce a formal ranking that compares different funders,It lets grants and funders be identified with persistent identifiers and linked to outputs,It is used to determine the specific article processing charges journals bill,It is used to entirely replace the traditional peer-review process,It helps in the anonymization process of a paper's listed authors,b,"By assigning persistent identifiers to grants through the Grant Linking System, and by standardizing funder identification, historically through the Open Funder Registry and increasingly through ROR (which Crossref, DataCite, and the California Digital Library jointly operate, and to which Crossref is migrating away from its own Funder Registry), Crossref enables outputs to be linked back to specific awards and funders in machine-readable ways. This strengthens the connected metadata graph used for reporting, compliance, and analysis.",https://www.crossref.org/services/grant-linking-system/,checked,
SI-037,Expert,Open Scholarly Infrastructure,infrastructure-governance; infrastructure-sustainability; publishing-economics,"What tension does the reliance on commercial platforms (e.g., for citation data, repositories, or workflow tools) create for the open-research movement?","Open, community-governed alternatives to these commercial platforms rarely exist",Dependence on proprietary services can create lock-in and access risks,Relying on these commercial platforms is generally the cheaper long-term option,"There is, in practice, no meaningful tension created by this kind of commercial dependence","These commercial platforms are, in fact, already governed collectively by their user community",b,"When core research-information functions run on closed commercial platforms, for example, citation databases like Web of Science and Scopus, the community faces lock-in, non-transparent methodologies, and restricted access behind paywalls. Decisions about researchers' careers and institutions increasingly depend on these ""black-box"" indicators, which sit uneasily with open-science aims and put academic accountability and independence at risk. This is a key reason movements like the Barcelona Declaration support open, community-governed research information infrastructure.",https://barcelona-declaration.org/background_and_context/,checked,
SI-038,Intermediate,Open Scholarly Infrastructure,infrastructure-governance; infrastructure-sustainability; metadata,"How does the 'Metadata 2020' style push for richer, open metadata connect to the value of scholarly infrastructure?",It works mainly by restricting metadata records to paying subscribers,It's designed primarily around the needs of publishers,"It reduces how much persistent identifiers matter, since metadata can stand in for them",It functions mainly as a certification system that scores and ranks organizations by metadata quality,"Better, more open metadata increases discoverability across the ecosystem",e,"Metadata 2020 was a cross-community collaboration (publishers, librarians, funders, repositories, and researchers) built on the recognition that without complete, open, connected, and interoperable metadata, discoverability, use, and reuse are all held back, poor metadata limits what any downstream service, from search to analytics to funder reporting, can actually do with a research output.",https://metadata2020.org/resources/metadata-principles/,checked,
SI-039,Expert,Open Scholarly Infrastructure,infrastructure-governance; infrastructure-sustainability; preservation,"Why is preservation infrastructure (dark archives, distributed preservation, the Keepers Registry) essential even when content is 'openly available' online?",Because content that is openly available online is understood to never disappear,Because open availability today does not guarantee long-term survival,Because preservation infrastructure of this kind mainly functions to rank competing journals,Because openly available content is assumed to be automatically archived by default,Because formal preservation infrastructure is considered relevant only for physical paper records,b,"A 2021 empirical study found 174 open-access journals had vanished from the web entirely between 2000 and 2019, demonstrating that being openly available online is not the same as being preserved. Without deliberate, monitored preservation, infrastructure like dark archives, distributed preservation networks, and the Keepers Registry, openly available works can still be permanently lost when hosts fail, funding runs out, or a publisher simply disappears.",https://asistdl.onlinelibrary.wiley.com/doi/10.1002/asi.24460,checked,
SI-040,Expert,Open Scholarly Infrastructure,infrastructure-governance; infrastructure-sustainability; publishing-economics,Why is the distinction between 'open infrastructure' and merely 'free-to-use' services important when evaluating sustainability and independence?,Their main significance lies in how they help produce formal rankings of competing journals,"In practice, platforms of this kind mainly end up benefiting only large commercial publishers",Adopting platforms of this kind generally requires purchasing expensive commercial software licenses,"By providing free, community-supported software to run journals, they lower the cost barrier to publishing","Somewhat paradoxically, platforms of this kind actually work to prevent open access publishing",d,"Free and open-source publishing software like OJS substantially reduces the technical and financial barriers to running a journal. OJS alone is the world's most widely used journal management and publishing software, with adoption spanning every region globally, empowering universities, societies, and communities, notably in under-resourced regions, to operate no-fee diamond OA journals independently of commercial platforms. Platforms like Janeway serve a similar role for their own communities of adopters.",https://pkp.sfu.ca/,checked,
SI-041,Expert,Open Scholarly Infrastructure,infrastructure-governance; infrastructure-sustainability,"POSI's ""Transparent Governance"" principle specifically requires openness about which aspect of an infrastructure organization?","The organization's detailed financials, fees, and product roadmaps",The processes and policies for governing the organization and selecting its representatives,The source code and technical architecture of its software,The personal contact details of every individual staff member,The organization's negotiations with commercial vendors,b,"POSI's Transparent Governance principle specifically calls for openness about how the organization is governed, its decision-making processes and how representatives to governance groups are selected, so the community can trust that the organization is accountable to it. This is distinct from POSI's separate ""Transparent Operations"" principle under Sustainability, which covers financial and operational disclosure instead.",https://openscholarlyinfrastructure.org/,checked,
SI-042,Expert,Open Scholarly Infrastructure,infrastructure-governance; infrastructure-sustainability,Why is the distinction between 'open infrastructure' and merely 'free-to-use' services important when evaluating sustainability and independence?,"There is, in every meaningful respect, no real distinction between these two categories at all","A service can be free to use yet closed, single-vendor-controlled, or dependent on data lock-in","Being free to use is, by definition, always sufficient on its own to qualify a service as open","Genuinely open infrastructure is, without exception, always considerably more expensive to operate","The two categories are, in terms of their governance arrangements, essentially identical",b,"Free access alone does not guarantee openness or resilience: a free service can still be proprietary, opaque, or capable of enclosing data later. True open infrastructure adds open code, open data, community governance, and the ability to migrate - qualities that safeguard long-term independence.",https://commonplace.knowledgefutures.org/pub/iysnza0k/release/2,checked,
SI-043,Expert,Open Scholarly Infrastructure,infrastructure-governance; infrastructure-sustainability; publishing-economics,"What systemic risk does concentration of scholarly services within a few large commercial conglomerates pose, and how do open-infrastructure advocates respond?","This kind of concentration poses no real risk at all, and in fact tends to improve overall service quality",The systemic risk described here is understood to relate only narrowly to the cost of physical printing,The response favored by open-infrastructure advocates is essentially to abandon conducting research altogether,Vertical integration can create dependence and pricing power; advocates build open alternatives,"Concentration of this kind, somewhat paradoxically, is understood to actually guarantee greater openness",d,"In recent years, large commercial companies like RELX (Elsevier), SpringerNature, and Clarivate have grown through mergers and acquisitions, building proprietary software that spans the entire research life-cycle, from publishing to citation data to evaluation metrics. This vertical integration lets them control content, software, and research metrics, creating dependence and pricing power over the institutions and researchers who rely on them. Open-infrastructure advocates respond by building and funding non-profit, community-governed alternatives (through initiatives like SCOSS and IOI) that keep core scholarly functions outside commercial control.",https://commonplace.knowledgefutures.org/pub/iysnza0k/release/2,checked,
SI-044,Expert,Open Scholarly Infrastructure,infrastructure-governance; infrastructure-sustainability; publishing-economics,How does treating scholarly infrastructure as a 'commons' reframe questions of funding and governance?,Framing infrastructure this way essentially implies that no one needs to pay for maintaining it,"It frames infrastructure as a shared responsibility of the community, not left to markets",Framing infrastructure this way implies that a single private company should ultimately own it outright,Framing infrastructure this way implies that its inner workings should deliberately be kept secret,Framing infrastructure this way effectively removes any need for formal governance structures,b,"Treating infrastructure as a commons reframes it away from a ""vendor"" relationship, where institutions simply purchase a service, toward genuine shared ownership: institutions ""aren't purchasing a service, but rather investing in something that they have governance rights in."" As one infrastructure director put it, a platform only becomes ""a genuine commons"" once the community's participation in governance is its sustainability model, funding and decision-making become a shared, ongoing responsibility rather than something left to markets or a single vendor.",https://investinopen.org/blog/building-the-commons-how-knowledge-commons-is-navigating-challenges-through-community-and-collaboration/,checked,
SI-045,Intermediate,Open Scholarly Infrastructure,infrastructure-governance; infrastructure-sustainability,Why is community governance considered a defining feature of 'open' scholarly infrastructure?,Because it is understood to primarily maximize commercial profit,Because governance by the community helps resist capture by narrow interests,Because governance structured this way is what makes a service free to build,Because community governance removes the underlying need for ongoing funding,Because it is what guarantees a service a high journal impact factor,b,"Community governance means an infrastructure is directed and controlled by the stakeholders it serves, not by a narrow set of commercial or top-down interests. As OpenAIRE's own governance model illustrates, this kind of democratic accountability is what protects an infrastructure from mission drift, ensuring it continues serving the collective interest rather than being redirected toward narrow or commercial agendas.",https://www.openaire.eu/community/blogs/sustainability-holy-grail-building-a-sustainable-commons,checked,
SI-046,Intermediate,Open Scholarly Infrastructure,repositories; metadata; open-access-models,"What role do metadata aggregators (e.g., OpenAIRE, BASE, CORE) play in the open-access ecosystem?","They function primarily as venues that publish entirely new, original research findings",They function primarily as services that produce formal rankings of universities,They function primarily as services that calculate official journal impact factor scores,They harvest and combine metadata (and sometimes full text) from many repositories and journals,They function primarily as services that coordinate and conduct formal peer review,d,"Aggregators gather records from thousands of sources into unified indexes, so users can find open-access outputs scattered across many repositories and journals from one place - a crucial discovery layer over distributed infrastructure.",https://www.openaire.eu/aggregation-and-content-provision-workflows,checked,
SI-047,Beginner,Open Scholarly Infrastructure,preservation; repositories; metadata,What is a 'repository' in scholarly infrastructure?,"An online archive storing scholarly outputs, often with persistent identifiers",A specific citation metric used to measure the overall impact of a scholarly work,A commercial bookstore that specializes in selling academic and scholarly titles,A formal committee responsible for coordinating a journal's peer-review process,A funding body that distributes competitive grants to support new research,a,"A repository is a platform - institutional, subject-based, or general-purpose - that collects, preserves, and provides access to scholarly outputs, frequently assigning persistent identifiers to support discovery and citation.",https://www.openaire.eu/where-can-i-read-more-about-fp7,checked,
SI-048,Intermediate,Open Scholarly Infrastructure,infrastructure-governance; infrastructure-sustainability; publishing-economics,Why do initiatives like SCOSS and Invest in Open Infrastructure exist?,Because institutions need a vendor to sell them open-source software licenses,Because repositories and journals need a central agency to assign new DOIs,Because funders want a formal ranking of open services by usage,Because there is a coordinated effort to privatize existing scholarly infrastructure,"Because many open, community-serving infrastructures lack stable funding",e,"Open infrastructures often depend on precarious funding despite being widely relied upon; SCOSS coordinates community funding and IOI provides research and advocacy, both aiming to secure the sustainability and independence of these shared services.",https://investinopen.org/about/,checked,
SI-049,Expert,Open Scholarly Infrastructure,infrastructure-governance; infrastructure-sustainability; metadata,How does dependence on proprietary citation databases complicate reproducible bibliometric analysis?,"Because data drawn from proprietary sources is, without exception, always factually wrong",It has essentially no meaningful effect on bibliometric analysis at all,"Opaque, subscription-gated data cannot be fully audited or reproduced","Because openly licensed citation data is, in every case, considerably more expensive to obtain","Because bibliometric analysis, by definition, cannot make any use of citation data whatsoever",c,"Peer-reviewed research on bibliometric practice has found that reliance on proprietary databases like Scopus and Web of Science is problematic because it privileges researchers with paid access, restricts which questions can even be asked, and steers researchers toward existing, closed data sources rather than open, auditable ones. When the underlying data and its curation are closed and paywalled, others cannot independently verify or reproduce a study's findings, a key reason the field is increasingly turning toward open citation data sources.",https://asistdl.onlinelibrary.wiley.com/doi/10.1002/asi.25018,checked,
SI-050,Beginner,Open Scholarly Infrastructure,infrastructure-sustainability; preservation,What is Portico? ,A commercial database that ranks journals by citation impact,"A not-for-profit digital archive that preserves e-journals and e-books, providing access if content becomes unavailable from the original publisher",A platform that manages the peer-review process for publishers,A DOI registration agency for electronic book publishers,A print-only library consortium for interlibrary loan requests,b,"Portico is a not-for-profit digital preservation service, now part of ITHAKA (the organization behind JSTOR), that archives e-journals, e-books, and digitized historical collections. If content becomes unavailable from the original publisher, Portico provides access to participating libraries as an ""access of last resort.""",https://www.portico.org/for-participants/,checked,
SI-051,Intermediate,Open Scholarly Infrastructure,infrastructure-sustainability; preservation,"After a ""trigger event"" occurs for content preserved in Portico, who typically gains access?",Only the original publisher's internal staff and reviewers,"Anyone worldwide, since triggered content automatically becomes fully open access","Participating libraries, as an ""access of last resort,"" generally not the public at large",No one; triggered content remains permanently inaccessible,Only libraries that pay an additional triggered-access fee on top of membership,c,"When a trigger event occurs, such as a publisher ceasing operations or a title becoming unavailable, Portico provides IP-authenticated access to participating libraries as an ""access of last resort."" This differs from CLOCKSS, where triggered content is typically made freely available to everyone.",https://www.portico.org/for-participants/,checked,
SI-052,Intermediate,Open Scholarly Infrastructure,infrastructure-governance; infrastructure-sustainability; publishing-economics,What is the significance of cOAlition S ending financial support for 'transformative arrangements' after 2024?,It has the effect of reintroducing embargoes that had previously been removed,It effectively signals that the entire Plan S initiative has been abandoned,"It signals the end of transitional funding, moving toward 'pure publish' models",It results in hybrid journals being funded by cOAlition S on a permanent basis,It amounts to an outright ban on open access publishing altogether,c,cOAlition S designed transformative arrangements as time-limited bridges,https://www.coalition-s.org/coalition-s-confirms-the-end-of-its-financial-support-for-open-access-publishing-under-transformative-arrangements-after-2024/,checked,
SI-053,Expert,Open Scholarly Infrastructure,infrastructure-governance; infrastructure-sustainability; publishing-economics,How does cOAlition S's shift toward 'responsible publishing' reflect a critique of the outcomes of Plan S's first phase?,It reflects a routine update to Plan S rather than a response to any real shortfall,It reflects concern that flipping to OA via APCs entrenched incumbent publishers,It reflects a deprioritizing of open access itself in favor of other research goals,It reflects a softening of Plan S's opposition to the hybrid journal model,It reflects a general relaxation of licensing terms in favor of author-led control,b,"TRP embodies a self-critique: cOAlition S itself states that reliance on APCs ""substitutes a model of paywalls to one where researchers are unable to publish due to high fees,"" risking preserving publisher dominance rather than achieving the equitable, sustainable OA the first phase aimed for.",https://www.coalition-s.org/consulting-the-research-community-on-coalitions-towards-responsible-publishing-proposal-invitation-to-tender/,checked,
SI-054,Expert,Open Scholarly Infrastructure,infrastructure-governance; repositories; metadata,"How does the movement of funder policy from 'publications' toward 'the full research lifecycle' (data, code, preprints, PIDs, DMPs) reflect a broader conception of open science?",It trades off the original publication requirement in exchange for these newer ones,"It treats openness as spanning data, software, methods, and infrastructure, not just articles",It signals that open access to publications is no longer the primary funder priority,"It is, in practice, mainly a rebranding of existing preprint-sharing requirements","It reflects funders consolidating back toward a single, simpler article-only standard",b,"Funder requirements increasingly cover data sharing, software, preprints, DMPs, and persistent identifiers alongside the article itself, mirroring the broad, systemic understanding of open science - spanning the full research lifecycle and its infrastructures - found in both academic literature on open science barriers and the UNESCO Recommendation.",https://datascience.codata.org/articles/10.5334/dsj-2022-002,checked,
